agent,iteration,sigma_mhz,num_samples,time_ns,open_loop_average_fidelity,open_loop_fidelity_variance,closed_loop_average_fidelity,closed_loop_fidelity_variance
noise,11,1.0,100,98.0,0.9642651184836648,0.00022629385265343847,0.96690543733279,0.00018053314614737543
noise,21,1.0,100,96.0,0.9593819937801094,0.000263719638884615,0.9621812899877181,0.00038829102723343683
noise,22,1.0,100,98.0,0.9567356792019537,0.00032023438857979434,0.9567686514414785,0.00047641733037240145
noise,23,1.0,100,96.0,0.9575831712487131,0.00026373784445635055,0.9597214923068752,0.00045312841695911656
noise,24,1.0,100,96.0,0.9592996653817656,0.00023907831213940112,0.961518212872623,0.00040073530841296904
noise,25,1.0,100,180.0,0.9225127200845347,0.0013283911826478055,0.9241356208371901,0.00123966538294689
noise,26,1.0,100,94.0,0.9609023333510032,0.0002338638035306114,0.9621429794263346,0.00033566090384195337
noise,27,1.0,100,96.0,0.9586271893373365,0.0002836870794417601,0.9607392691803078,0.0004798538827770229
noise,28,1.0,100,96.0,0.9598035284875341,0.00023164564208471384,0.9619474303037336,0.00042382103602300154
noise,29,1.0,100,98.0,0.9587220261743679,0.0003179272957965515,0.9584989701156457,0.0004236528185475299
noise,30,1.0,100,96.0,0.9614102750806602,0.00023365515526546684,0.9627242662662763,0.00040733909476165295
noise,31,1.0,100,104.0,0.9539579418330382,0.00038512271460447884,0.9565340869992384,0.0006549414740261052
noise,32,1.0,100,98.0,0.9582379302287771,0.00030300682897607337,0.9585432348682446,0.0004303401108486644
noise,33,1.0,100,96.0,0.9592635773789198,0.0002637859605875915,0.9598536134591407,0.0005257048022337841
noise,34,1.0,100,100.0,0.9558678626058428,0.00038198541094543404,0.9529375349988851,0.0006588539770698901
noise,35,1.0,100,96.0,0.9625431642572814,0.0002272366923324893,0.9637319187539826,0.00040396245290317775
noise,36,1.0,100,180.0,0.937029425615302,0.0007936923945707661,0.9364243600672364,0.0007317804209968408
noise,37,1.0,100,98.0,0.9583402950866531,0.00032691241664107895,0.9571401252360925,0.0004891197259948098
noise,38,1.0,100,96.0,0.9628437041865514,0.00023669139243196884,0.9636401074430871,0.00041229803728820883
noise,39,1.0,100,96.0,0.9628161746932027,0.0002220627868799074,0.9639922093319326,0.00040569051566246845
noise,40,1.0,100,96.0,0.96129861223661,0.00022945945280211126,0.962290290995439,0.00045737871462899794
noise,41,1.0,100,96.0,0.9603671863039294,0.00024810639137541883,0.9608462184769779,0.000500460777683585
noise,42,1.0,100,98.0,0.9594642583235132,0.00029294758974704753,0.9579091009433921,0.00048634672989818293
noise,43,1.0,100,100.0,0.9581102878506293,0.0003656851749836258,0.9541058225608915,0.0006575556837061831
noise,44,1.0,100,96.0,0.960281573608309,0.0002558342767488734,0.9602670354202325,0.0005264246973371386
noise,45,1.0,100,98.0,0.957459149709014,0.000345596819926711,0.9551977151794617,0.0006280535140929918
noise,46,1.0,100,96.0,0.9599497006408181,0.000271141458234489,0.960857237414074,0.0005036849983281307
noise,47,1.0,100,98.0,0.9594240591141852,0.000298554492614326,0.957931311650841,0.0005275880450854011
noise,48,1.0,100,98.0,0.9581928676149953,0.00029968115821971163,0.9569482700214256,0.0005230344374839196
noise,49,1.0,100,180.0,0.9294766543043755,0.0008993781407569325,0.9349235468722279,0.0008046098870285763
noise,50,1.0,100,102.0,0.9567516255332595,0.0003600581305890909,0.9566787995150273,0.0006060952395340763
noise,51,1.0,100,106.0,0.9547056719793368,0.00041788729671108157,0.9570148684193356,0.0008099675011464068
noise,52,1.0,100,180.0,0.933110353888576,0.0009038449311342977,0.9408701580213421,0.0005696748681681464
noise,53,1.0,100,180.0,0.9347490154133079,0.0008543386026736924,0.941045428878833,0.0005947358901334786
noise,54,1.0,100,180.0,0.9356163102032214,0.0008171930782841502,0.9420625962972727,0.0005964984798471477
noise,55,1.0,100,180.0,0.9357716822158082,0.0008073651222183787,0.9426577153367515,0.0006382969587183928
noise,56,1.0,100,100.0,0.958871659798279,0.00034552113684314397,0.955178144765063,0.000634695045225336
noise,57,1.0,100,106.0,0.9551790282287457,0.00039748403382015943,0.9577098059645931,0.0008133752984169468
noise,58,1.0,100,104.0,0.9562443078364797,0.0003453311749897279,0.9577261391938132,0.0006858665686594391
noise,59,1.0,100,104.0,0.9565130904422446,0.0003438334088311569,0.9579080004540711,0.0006445190521925861
noise,60,1.0,100,126.0,0.9502181272412668,0.0005193782348683839,0.9534530950168997,0.0005403967085947755
noise,61,1.0,100,104.0,0.9575029906925181,0.0003301019347579026,0.9585620899865639,0.0006629032586436232
noise,62,1.0,100,104.0,0.9569350548044039,0.0003362669072454997,0.9575137591991704,0.0006866455797591036
noise,63,1.0,100,102.0,0.9574814590855469,0.00033380869059084975,0.957112093099776,0.000556596931709084
noise,64,1.0,100,104.0,0.9590295193238237,0.0003108998576042901,0.9600354910968844,0.0005478252535873633
noise,65,1.0,100,106.0,0.9566072708394486,0.00039323863565114773,0.9578254510798555,0.0007515516524854932
noise,66,1.0,100,108.0,0.9541016943237676,0.00037985226225204616,0.9542876627868534,0.000532456180007109
noise,67,1.0,100,106.0,0.9552951164609227,0.0003818072869048505,0.957208550894292,0.000757122099095313
noise,68,1.0,100,104.0,0.9560668632097324,0.000351437980890262,0.9580973709408339,0.000692715044511669
noise,69,1.0,100,102.0,0.9572538457189723,0.00033387057940685014,0.9572053106334639,0.0006380895190756187
noise,70,1.0,100,110.0,0.9529766333182277,0.00041368870216050617,0.9537916577243094,0.0005959389438251351
noise,71,1.0,100,108.0,0.9549684060543524,0.0003517075433242102,0.9538136817064672,0.0005929451466472961
noise,72,1.0,100,104.0,0.9569720870686258,0.00033158507508816417,0.9583684117458247,0.0006374281173175762
noise,73,1.0,100,104.0,0.9567660133039514,0.00035415127119687765,0.9571483729561859,0.0007699985004527674
noise,74,1.0,100,108.0,0.9557242717629898,0.0003821374150703662,0.9546428013202579,0.0005821260622662795
noise,75,1.0,100,106.0,0.9573204779303991,0.0003862281534176344,0.9571081704343389,0.000861387866879439
noise,76,1.0,100,104.0,0.9577267196484947,0.000344191518509984,0.957300478321243,0.0008330809050764664
noise,77,1.0,100,104.0,0.9585713966247105,0.00031094531160013786,0.9590897102215905,0.0006738287526973046
noise,78,1.0,100,108.0,0.9561028430479376,0.000363177305849246,0.9545496214186028,0.0005761801834867837
noise,79,1.0,100,100.0,0.9610794618003148,0.00028834091797278806,0.9576480902448008,0.0005469620946281043
noise,80,1.0,100,102.0,0.9576686438404889,0.0003371056116190448,0.9567525400138411,0.0006437065799938643
noise,81,1.0,100,102.0,0.9580370019834947,0.0003205572105812361,0.9575850333927054,0.0005934692511015191
noise,82,1.0,100,106.0,0.9575367747247514,0.00037428489408075237,0.9590227860647489,0.0007446558762687017
noise,83,1.0,100,106.0,0.9584819837380704,0.00036249295015235064,0.9594956700595365,0.0007185931009092969
noise,84,1.0,100,108.0,0.957329729886748,0.0003442493272913409,0.9554813964488855,0.0005593391102277168
noise,85,1.0,100,106.0,0.958783319016188,0.00034799207516626176,0.9594097568985878,0.0007784246858830218
noise,86,1.0,100,106.0,0.957443268666266,0.00039514973699916777,0.9577338679679208,0.0008774603360569683
noise,87,1.0,100,108.0,0.9571202148143076,0.0003533036820344104,0.9551733035213366,0.0005691514106272977
noise,88,1.0,100,104.0,0.9611363525074774,0.0002939011934096089,0.9616882178727892,0.0005989863692491015
noise,89,1.0,100,104.0,0.9584562220705813,0.00032779959874249816,0.9588262040627029,0.0006973410064110466
noise,90,1.0,100,106.0,0.9574495978956854,0.00037158022209258124,0.9575792598592572,0.0008630260887655335
noise,91,1.0,100,104.0,0.9606242609189167,0.0003097440070206956,0.9611794254604575,0.0006657777724813178
noise,92,1.0,100,102.0,0.9610046137809558,0.00028292645443680955,0.959699433702663,0.0005359774164954694
noise,93,1.0,100,102.0,0.9609284731267845,0.00026495121127567673,0.9597036884640847,0.0005176114534501729
noise,94,1.0,100,102.0,0.9589669773665723,0.00028984612598732486,0.9577296447938166,0.000558110700238621
noise,95,1.0,100,102.0,0.9595589261218436,0.0002921617291172446,0.9580946930722031,0.000563581801550612
noise,96,1.0,100,104.0,0.9590949547386238,0.0003135309201780349,0.9598188008621427,0.0007519096696034664
noise,97,1.0,100,100.0,0.9598641152173464,0.0003319484710508825,0.955230722230676,0.0006323810342857575
noise,98,1.0,100,100.0,0.9596311552817977,0.00035271909848243654,0.9548461879751953,0.0006350123955527752
noise,99,1.0,100,102.0,0.9591600472117201,0.0003429298399075525,0.9580164808612901,0.0005813583502295088
noise,100,1.0,100,100.0,0.9609517082271417,0.000336716868280687,0.9566811352804647,0.0005672812222686655
nominal,21,1.0,100,96.0,0.9618666743481287,0.00021987617557675225,0.9620016689072259,0.0004073786269461757
nominal,22,1.0,100,180.0,0.9404079408128908,0.0008377475900290253,0.9293171539522351,0.0013109335954763946
nominal,23,1.0,100,94.0,0.9616800162357564,0.00023432443479991501,0.9599885899589211,0.00045324525445425326
nominal,24,1.0,100,180.0,0.939983383443898,0.0007824392994414198,0.9291387970996043,0.0012137093268127113
nominal,25,1.0,100,98.0,0.9590961079728718,0.00034232781882327076,0.9546818169944601,0.0006596669675887019
nominal,26,1.0,100,98.0,0.9571291917800665,0.0002928520011641271,0.9524359187554556,0.0006610415549469631
nominal,27,1.0,100,94.0,0.9636405851650509,0.0002250847557546223,0.9600020949526833,0.0005308271576292108
nominal,28,1.0,100,102.0,0.9545741548394041,0.0003804611943197199,0.9498898862481959,0.0009061389582430779
nominal,29,1.0,100,96.0,0.9632919520809797,0.00022035560273768123,0.9613537659865543,0.0004630877641902306
nominal,30,1.0,100,180.0,0.9424402191719614,0.0007075668047810913,0.9323732109271706,0.001184570744987013
nominal,31,1.0,100,98.0,0.9615694779764848,0.0002669970929548771,0.9554695510467394,0.0006741435029028968
nominal,32,1.0,100,96.0,0.9602869409456407,0.00025502696488361484,0.9568454395346561,0.0006637450094554727
nominal,33,1.0,100,102.0,0.9552618502039434,0.00037204475769325485,0.9477523954910018,0.0011004453133699782
nominal,34,1.0,100,100.0,0.9593331888107394,0.0003429605955316261,0.9492348895747444,0.0009657624559908698
nominal,35,1.0,100,98.0,0.9591925997794362,0.0003250382877253856,0.9522285002427626,0.0007989308165594472
nominal,36,1.0,100,100.0,0.9570302096283362,0.00035016528561039503,0.9471145616711131,0.0010223961078006801
nominal,37,1.0,100,108.0,0.9546358401956433,0.0003578478392563664,0.9469625814017548,0.0009568667639700931
nominal,38,1.0,100,94.0,0.9636931771200792,0.0002138760492950798,0.9584822411830065,0.000585541083949858
nominal,39,1.0,100,98.0,0.9587030325906959,0.00031703468205767325,0.9501549622920982,0.0009957555539401414
nominal,40,1.0,100,98.0,0.9617362423039082,0.00025048720321177594,0.9540345536459578,0.0008168792180625918
nominal,41,1.0,100,100.0,0.9585232384137371,0.000334931119734217,0.946201658025244,0.0012507645770683101
nominal,42,1.0,100,96.0,0.9637252185025379,0.00022019675807406473,0.9586438494634939,0.0006427251235977882
nominal,43,1.0,100,106.0,0.9574091470111968,0.00038012152091412897,0.9512916687312952,0.001386829465549749
nominal,44,1.0,100,100.0,0.9632232657204636,0.00028760570807087534,0.9511295783482577,0.001049849723856319
nominal,45,1.0,100,100.0,0.959975167163484,0.0003307315761434057,0.9466110973384304,0.0012773979757149951
nominal,46,1.0,100,106.0,0.957802520192275,0.00035204492207245754,0.9522974461619818,0.0012827472444011739
nominal,47,1.0,100,100.0,0.9611891564098282,0.00028679682730467526,0.9495412648241193,0.001024684126661201
nominal,48,1.0,100,104.0,0.9583237098102835,0.0003356123231572279,0.9514601499123242,0.0010181780824993578
nominal,49,1.0,100,102.0,0.9594445841449137,0.00031810600740350274,0.9496181944423366,0.0010908042724496322
nominal,50,1.0,100,100.0,0.9606261377101257,0.00032372168110318287,0.9471240471159725,0.0012307806781939846
nominal,51,1.0,100,102.0,0.958474380612207,0.0003265448201724724,0.9485646281856508,0.0011868686751627972
nominal,52,1.0,100,110.0,0.9564371368158909,0.00041751393997201017,0.947880674931851,0.0009681462385816892
nominal,53,1.0,100,114.0,0.9572237667860677,0.000343113100605369,0.9477027297967603,0.0016410292607350837
nominal,54,1.0,100,106.0,0.9595633748111464,0.0003441381803569071,0.9534492874298984,0.0012219650400800337
nominal,55,1.0,100,104.0,0.9608303219257833,0.0002937456263379589,0.9539816002854113,0.0008979248095313476
nominal,56,1.0,100,100.0,0.9609351084576151,0.00030500021740172725,0.9470981590100909,0.0012758740826564069
nominal,57,1.0,100,102.0,0.9586111363002199,0.00032890368277830174,0.9487523940624207,0.0011468986652721285
nominal,58,1.0,100,104.0,0.9584783049869152,0.0003219805453461252,0.9509635535486327,0.0010519820909183617
nominal,59,1.0,100,108.0,0.9569930609944102,0.00031430157117194607,0.9453432940967823,0.0010968407521159817
nominal,60,1.0,100,104.0,0.9582940084436029,0.00031401656958885684,0.9501257413522204,0.001076808756897204
nominal,61,1.0,100,108.0,0.9574759668263756,0.0003357880102948312,0.9442889352069287,0.0011659062150959965
nominal,62,1.0,100,104.0,0.9590206892489839,0.0003120381185735859,0.9500787436009164,0.001095232198125853
nominal,63,1.0,100,100.0,0.961089300722502,0.00030641397601376656,0.9475585617313161,0.001188008153617863
nominal,64,1.0,100,102.0,0.9588116847545957,0.00031366902903042887,0.9474980787297063,0.00122579433220116
nominal,65,1.0,100,104.0,0.9575015759129354,0.00035240064191784554,0.9487740147506701,0.00119268035286896
nominal,66,1.0,100,102.0,0.9583120522913031,0.0003253360010542015,0.9460432634721404,0.0013227729215780065
nominal,67,1.0,100,100.0,0.9597060385650027,0.00030674553248880536,0.94474253007605,0.001328313815006679
nominal,68,1.0,100,102.0,0.9587662067165197,0.0003038945154475053,0.9464855485163085,0.0012716166493766657
nominal,69,1.0,100,100.0,0.9596706905784096,0.0003072367469684562,0.9445234695027751,0.0013744762665501764
nominal,70,1.0,100,100.0,0.9593601657665749,0.0003286796083521587,0.9438603175463612,0.001501744311348411
nominal,71,1.0,100,98.0,0.9601729698499691,0.00030633991784699815,0.9483751249561978,0.001174136260734272
nominal,72,1.0,100,96.0,0.9626592743853902,0.00020875576460847322,0.9560427375671297,0.0007376085472219792
nominal,73,1.0,100,94.0,0.9617175523257651,0.00023911880941991298,0.9533994137230934,0.0007467629443221567
nominal,74,1.0,100,96.0,0.9622745813833131,0.00022837137474656855,0.9553052780085619,0.0008050559526968421
nominal,75,1.0,100,94.0,0.9632904847287304,0.00022181070157289734,0.9542916272004899,0.0007460941397118441
nominal,76,1.0,100,92.0,0.9639375741426847,0.00023904222518934527,0.9582408413369135,0.0005591981426454657
nominal,77,1.0,100,92.0,0.962947234196337,0.00023598380411714914,0.9578726093851945,0.0005629080851488605
nominal,78,1.0,100,92.0,0.9628088696904928,0.00025064672286747853,0.9573685772781202,0.000596302426227459
nominal,79,1.0,100,96.0,0.9598964306341063,0.00025462509027237955,0.9522381408248948,0.0009691902010116857
nominal,80,1.0,100,94.0,0.9612708708957207,0.0002505143654481683,0.9519290781278862,0.0008624491543869183
nominal,81,1.0,100,96.0,0.9612150704505521,0.000222706905383896,0.9537167343714779,0.0008806631011670119
nominal,82,1.0,100,96.0,0.9615509519325616,0.00024225117993507343,0.9539828911777861,0.000869835831518412
nominal,83,1.0,100,96.0,0.9603085746864116,0.0002473070656500365,0.9521181322347779,0.0010079900056187386
nominal,84,1.0,100,92.0,0.9633494610265695,0.00025480487373479043,0.9571871990898964,0.0006417209985717555
nominal,85,1.0,100,90.0,0.9641888213650557,0.00025407653316418516,0.9544956492817512,0.0007803672629939992
nominal,86,1.0,100,92.0,0.9625687430570505,0.0002580421178771172,0.9567447190636993,0.0006663437342465296
nominal,87,1.0,100,94.0,0.9626736203673728,0.00023541739755487295,0.9523535101966317,0.0008790382785933097
nominal,88,1.0,100,92.0,0.9626571525900762,0.00026797514425119464,0.9560977964924149,0.000696132463751714
nominal,89,1.0,100,100.0,0.9590081761432764,0.0003508459849037455,0.9401202741167154,0.0020169563746159185
nominal,90,1.0,100,94.0,0.9630804017721272,0.0002364285279904537,0.952595499524354,0.0008589180134680834
nominal,91,1.0,100,96.0,0.9625253170017761,0.00024241666815254115,0.9532216303282829,0.0010491321536118946
nominal,92,1.0,100,94.0,0.9629497826122351,0.00023497489247160805,0.9523778341960027,0.0008851205806640229
nominal,93,1.0,100,94.0,0.9629880734215533,0.00023667971335356204,0.9525994020205509,0.0008645904324447573
nominal,94,1.0,100,92.0,0.9654036915141351,0.0002277598731505947,0.9584760485858084,0.0005929109393204393
nominal,95,1.0,100,94.0,0.9619878789892452,0.00024135324647526707,0.951794144003608,0.00091629040990217
nominal,96,1.0,100,94.0,0.9633343252196476,0.00022360583891625624,0.9533271863911115,0.0007861825655508851
nominal,97,1.0,100,94.0,0.9624414283213366,0.00023590123431140367,0.9526529681424514,0.0008830285472113537
nominal,98,1.0,100,94.0,0.9630757359567504,0.00022947943842576256,0.9533586272675522,0.0008581714324453624
nominal,99,1.0,100,94.0,0.9624482883140257,0.00023713611445240438,0.9526978971351161,0.0008792328455803473
nominal,100,1.0,100,96.0,0.9623086403761953,0.0002404214884935267,0.9535901583843215,0.001047595474472722
nominal,111,1.0,100,116.0,0.9599215172334983,0.00028777475849826975,0.9448984719070105,0.0014396983421391756
