sigma_mhz,nominal_fidelity_q1,nominal_fidelity_median,nominal_fidelity_q3,nominal_fidelity_mean,nominal_variance_q1,nominal_variance_median,nominal_variance_q3,noise_fidelity_q1,noise_fidelity_median,noise_fidelity_q3,noise_fidelity_mean,noise_variance_q1,noise_variance_median,noise_variance_q3,frac_noise_higher_fidelity,frac_noise_lower_variance,median_infidelity_ratio_nominal_over_noise,mean_fidelity_difference_noise_minus_nominal,difference_ci95_low,difference_ci95_high,n_iterations
0.1,0.9876250622532282,0.9882413901969462,0.9892253703071952,0.9882309480156263,1.9608685859447594e-06,2.1701951998302397e-06,2.321216208333745e-06,0.9857392793065191,0.9868463957468812,0.9878684427986261,0.9865563751396064,2.2284660561814493e-06,2.554905074498243e-06,2.825181757240342e-06,0.25,0.2625,0.8939458399978533,-0.0016745728760198587,-0.0027085139316848296,-0.0006857895879695356,80
0.25,0.9861458779719275,0.9867112116740155,0.9876010653866496,0.9866836858623433,1.229847195709255e-05,1.3402250846226228e-05,1.4346230398949503e-05,0.9841098015854499,0.9851977545090691,0.9863730855492581,0.9849275748081752,1.3983687848881797e-05,1.524933932975486e-05,1.7212179817174677e-05,0.2375,0.2875,0.8977548936157246,-0.0017561110541680484,-0.0028185904809968332,-0.000769836345761736,80
0.5,0.9792590673896411,0.980241808136944,0.9812029744611636,0.9801251556092592,5.581435265909517e-05,6.119973382029834e-05,6.931538415345026e-05,0.9772587840200944,0.9786603747729851,0.9798257567191765,0.977998617264336,6.345448496314646e-05,7.330259343667915e-05,8.04605340531274e-05,0.25,0.2625,0.9258921678738383,-0.002126538344923108,-0.0031871507944970763,-0.0012084019570123199,80
0.75,0.9707427864117889,0.9725715427288116,0.9742138067613362,0.9722282773211557,0.0001372518412687657,0.000149317192031037,0.0001637274446109433,0.9688470775165378,0.9704576859045493,0.9716202975997767,0.9693000175220442,0.00015886168696795273,0.00017542124056666122,0.00019394947399842586,0.2125,0.2125,0.9284464711385653,-0.0029282597991113074,-0.004481107324268794,-0.0018315530554111727,80
1.0,0.9572444136070153,0.9592151439411194,0.9610848210482346,0.9584961408776117,0.0003135114597108431,0.0003593053667836683,0.0003837642106257175,0.9547097587648986,0.9568149973963287,0.9580472166659212,0.9549528139981568,0.0003755599445475435,0.00040244876089507743,0.0004430722583357979,0.2125,0.2125,0.9444217575527792,-0.0035433268794546695,-0.00571781440116243,-0.001892930980277989,80
1.25,0.9424354417189658,0.944141519458467,0.946542006991538,0.943109339133278,0.0006266887240548295,0.0007056506649714815,0.0008166393736193781,0.9398784618649789,0.942020693132199,0.9435944997820304,0.9387652506855938,0.000703938948362624,0.000763859119599039,0.0008795596182646773,0.2,0.2875,0.963420978262062,-0.004344088447684154,-0.008210707394701866,-0.0012504824899760582,80
1.5,0.9224969592695569,0.924854001035357,0.9292643487875196,0.9237513870215107,0.001216070097387647,0.00130545821316261,0.001437488741261734,0.9197551768092128,0.9225758788914261,0.9243727982997958,0.9180294990966257,0.0013799903122223849,0.0014861942244595468,0.001608905787727812,0.225,0.25,0.9705760671052871,-0.005721887924885033,-0.011263383280134969,-0.0010035729642778215,80
2.0,0.8785339176286419,0.8831823804514101,0.8872388467523136,0.8801601725946668,0.0027324061928667175,0.00298355094870376,0.003149849537109207,0.8735023033096732,0.8779461273633256,0.8823635696665867,0.8717942119725258,0.0028911718998657645,0.003134114615746581,0.003376256040225291,0.1875,0.3375,0.9570988369728215,-0.008365960622141014,-0.016842400891443905,-0.0006971104544400372,80
2.5,0.8237845960068662,0.8307343361297235,0.8366392849965057,0.8267353227842641,0.004823770404874562,0.005036872563398714,0.005335819700022721,0.8199384017886532,0.8234858819128927,0.8297744975515656,0.8167632697540597,0.004928671810313863,0.005239372243720387,0.005655067147027093,0.25,0.3375,0.9589355554366827,-0.009972053030204358,-0.019882334194393458,-0.0003132155369070628,80
3.0,0.7616225310221532,0.7705084076587696,0.7788538683835845,0.7658560763894675,0.00855233865830829,0.009523512084753941,0.010357887231247314,0.756403302496085,0.7613592832138463,0.7695798113181764,0.7529477664418021,0.009641826654242947,0.010459811986419897,0.011215564575138618,0.2125,0.2625,0.9616615112117606,-0.01290830994766542,-0.026624004548951866,0.0007835249840434433,80
3.5,0.696752203171372,0.7048996066218901,0.719030279746163,0.7027845753673353,0.010422136762482282,0.011528739738751938,0.012247840773670238,0.6927563344339073,0.6960407800027844,0.7042729395863209,0.6878731227857671,0.011609587268777456,0.012159778633416071,0.012812055487377703,0.2375,0.275,0.9708552133434646,-0.014911452581568192,-0.030151673433942622,0.0006566355677876082,80
