plan,time_ns,channel,sigma_mhz,num_samples,excess_infidelity,standard_error,first_order
adam_70ns,70,delta_1,1,4000,0.00106876,3.30597e-05,0.00110578
adam_70ns,70,delta_2,1,4000,0.00104725,3.24762e-05,0.00110578
adam_70ns,70,f_1,1,4000,0.00675919,8.72784e-05,0.00694861
adam_70ns,70,f_2,1,4000,0.00678517,8.36836e-05,0.00694882
adam_70ns,70,g,1,4000,0.00453235,6.12496e-05,0.00474023
adam_70ns,70,eta,1,4000,6.51028e-07,3.13886e-08,7.11466e-07
adam_60ns,60,delta_1,1,4000,0.000952446,2.35343e-05,0.000947805
adam_60ns,60,delta_2,1,4000,0.000902121,1.84271e-05,0.000947804
adam_60ns,60,f_1,1,4000,0.00586992,6.75329e-05,0.00595945
adam_60ns,60,f_2,1,4000,0.00585554,7.33357e-05,0.0059584
adam_60ns,60,g,1,4000,0.00410271,0.000162561,0.00406312
adam_60ns,60,eta,1,4000,6.64062e-07,4.70037e-08,5.94922e-07
trpo_nominal,116,delta_1,1,4000,0.00180785,3.34779e-05,0.001832
trpo_nominal,116,delta_2,1,4000,0.00179753,3.5145e-05,0.001832
trpo_nominal,116,f_1,1,4000,0.0116514,0.000128264,0.0115228
trpo_nominal,116,f_2,1,4000,0.0114686,0.000122243,0.0115235
trpo_nominal,116,g,1,4000,0.00797539,0.000160131,0.00785889
trpo_nominal,116,eta,1,4000,3.95537e-07,2.13456e-08,3.65166e-07
trpo_noise,98,delta_1,1,4000,0.00156043,2.94767e-05,0.00154776
trpo_noise,98,delta_2,1,4000,0.00149202,2.50339e-05,0.00154776
trpo_noise,98,f_1,1,4000,0.00959039,0.000110465,0.00973503
trpo_noise,98,f_2,1,4000,0.0095956,9.92832e-05,0.00973358
trpo_noise,98,g,1,4000,0.00688649,0.000170198,0.00663909
trpo_noise,98,eta,1,4000,3.68613e-07,4.03824e-08,3.7681e-07
trpo_noise_it091,104,delta_1,1,4000,0.00163569,2.82196e-05,0.00164249
trpo_noise_it091,104,delta_2,1,4000,0.00156964,2.58499e-05,0.00164249
trpo_noise_it091,104,f_1,1,4000,0.0100907,0.000106415,0.0103309
trpo_noise_it091,104,f_2,1,4000,0.0101856,0.000108104,0.0103301
trpo_noise_it091,104,g,1,4000,0.00694043,0.000192279,0.00704583
trpo_noise_it091,104,eta,1,4000,3.96703e-07,3.21182e-08,3.39257e-07
