source,iteration,time_ns,rate_delta_1,rate_delta_2,rate_f_1,rate_f_2,rate_g,rate_eta,rate_total
adam_70ns,,70,1.57969e-05,1.57969e-05,9.92659e-05,9.92689e-05,6.77175e-05,1.01638e-08,0.000297856
adam_60ns,,60,1.57968e-05,1.57967e-05,9.93241e-05,9.93067e-05,6.77187e-05,9.91537e-09,0.000297953
trpo_nominal,,116,1.57931e-05,1.57931e-05,9.93343e-05,9.93407e-05,6.77491e-05,3.14799e-09,0.000298013
trpo_noise,,98,1.57935e-05,1.57934e-05,9.93371e-05,9.93222e-05,6.77458e-05,3.845e-09,0.000297996
trpo_noise_it091,,104,1.57931e-05,1.57931e-05,9.93355e-05,9.9328e-05,6.77484e-05,3.26209e-09,0.000298001
trajectory_nominal,1,180,1.5792e-05,1.5792e-05,9.93439e-05,9.9351e-05,6.77579e-05,1.1558e-09,0.000298038
trajectory_nominal,2,180,1.57924e-05,1.57924e-05,9.93357e-05,9.93386e-05,6.77543e-05,1.94259e-09,0.000298015
trajectory_nominal,3,120,1.57931e-05,1.5793e-05,9.93469e-05,9.9343e-05,6.77491e-05,3.11102e-09,0.000298028
trajectory_nominal,4,108,1.57931e-05,1.57932e-05,9.93237e-05,9.93406e-05,6.77482e-05,3.30044e-09,0.000298002
trajectory_nominal,5,104,1.57934e-05,1.57934e-05,9.9319e-05,9.93241e-05,6.77461e-05,3.79308e-09,0.00029798
trajectory_nominal,6,102,1.57935e-05,1.57935e-05,9.93242e-05,9.9339e-05,6.77456e-05,3.91051e-09,0.000298
trajectory_nominal,7,102,1.57935e-05,1.57934e-05,9.93386e-05,9.93235e-05,6.77459e-05,3.83763e-09,0.000297999
trajectory_nominal,8,100,1.57935e-05,1.57935e-05,9.93427e-05,9.93174e-05,6.77457e-05,3.8893e-09,0.000297997
trajectory_nominal,9,100,1.57934e-05,1.57934e-05,9.93407e-05,9.93168e-05,6.77459e-05,3.82958e-09,0.000297994
trajectory_nominal,10,98,1.57935e-05,1.57935e-05,9.93342e-05,9.93213e-05,6.77457e-05,3.90005e-09,0.000297992
trajectory_nominal,11,98,1.57935e-05,1.57935e-05,9.93444e-05,9.93145e-05,6.77458e-05,3.86412e-09,0.000297996
trajectory_nominal,12,96,1.57935e-05,1.57934e-05,9.9349e-05,9.93183e-05,6.77458e-05,3.85143e-09,0.000298004
trajectory_nominal,13,180,1.57927e-05,1.57926e-05,9.93258e-05,9.93407e-05,6.77527e-05,2.35315e-09,0.000298007
trajectory_nominal,14,94,1.57936e-05,1.57936e-05,9.93509e-05,9.93084e-05,6.77447e-05,4.08996e-09,0.000297995
trajectory_nominal,15,96,1.57935e-05,1.57934e-05,9.93368e-05,9.93192e-05,6.77458e-05,3.8629e-09,0.000297993
trajectory_nominal,16,94,1.57936e-05,1.57935e-05,9.93321e-05,9.93274e-05,6.77451e-05,4.00284e-09,0.000297996
trajectory_nominal,17,180,1.57925e-05,1.57925e-05,9.93198e-05,9.93265e-05,6.77539e-05,2.06683e-09,0.000297987
trajectory_nominal,18,96,1.57934e-05,1.57934e-05,9.93376e-05,9.93336e-05,6.77466e-05,3.6711e-09,0.000298008
trajectory_nominal,19,94,1.57934e-05,1.57934e-05,9.93413e-05,9.93303e-05,6.77459e-05,3.81774e-09,0.000298008
trajectory_nominal,20,98,1.57933e-05,1.57933e-05,9.93458e-05,9.93387e-05,6.77472e-05,3.54014e-09,0.000298022
trajectory_nominal,21,96,1.57934e-05,1.57934e-05,9.93342e-05,9.93364e-05,6.77464e-05,3.71495e-09,0.000298007
trajectory_nominal,22,180,1.57924e-05,1.57924e-05,9.93063e-05,9.9339e-05,6.77543e-05,1.96549e-09,0.000297986
trajectory_nominal,23,94,1.57935e-05,1.57935e-05,9.9336e-05,9.93259e-05,6.77456e-05,3.89674e-09,0.000297998
trajectory_nominal,24,180,1.57925e-05,1.57925e-05,9.93016e-05,9.93349e-05,6.7754e-05,2.03731e-09,0.000297977
trajectory_nominal,25,98,1.57933e-05,1.57933e-05,9.93542e-05,9.9323e-05,6.77468e-05,3.61503e-09,0.000298014
trajectory_nominal,26,98,1.57934e-05,1.57933e-05,9.93575e-05,9.9315e-05,6.77467e-05,3.65332e-09,0.000298009
trajectory_nominal,27,94,1.57935e-05,1.57935e-05,9.93431e-05,9.93232e-05,6.77452e-05,3.96911e-09,0.000298002
trajectory_nominal,28,102,1.57932e-05,1.57932e-05,9.93531e-05,9.93367e-05,6.7748e-05,3.36496e-09,0.000298028
trajectory_nominal,29,96,1.57935e-05,1.57934e-05,9.93468e-05,9.93213e-05,6.77459e-05,3.83778e-09,0.000298005
trajectory_nominal,30,180,1.57925e-05,1.57925e-05,9.93047e-05,9.93334e-05,6.7754e-05,2.03245e-09,0.000297979
trajectory_nominal,31,98,1.57933e-05,1.57933e-05,9.9341e-05,9.93403e-05,6.77467e-05,3.64814e-09,0.000298018
trajectory_nominal,32,96,1.57934e-05,1.57934e-05,9.93384e-05,9.93367e-05,6.77465e-05,3.68417e-09,0.000298012
trajectory_nominal,33,102,1.57932e-05,1.57932e-05,9.93446e-05,9.93386e-05,6.7748e-05,3.34986e-09,0.000298021
trajectory_nominal,34,100,1.57933e-05,1.57933e-05,9.9359e-05,9.93376e-05,6.77472e-05,3.53071e-09,0.000298034
trajectory_nominal,35,98,1.57934e-05,1.57933e-05,9.93614e-05,9.93396e-05,6.77466e-05,3.66578e-09,0.000298038
trajectory_nominal,36,100,1.57933e-05,1.57933e-05,9.93696e-05,9.93356e-05,6.77472e-05,3.52911e-09,0.000298042
trajectory_nominal,37,108,1.57931e-05,1.57931e-05,9.9372e-05,9.93431e-05,6.77488e-05,3.16807e-09,0.000298053
trajectory_nominal,38,94,1.57935e-05,1.57935e-05,9.93521e-05,9.93226e-05,6.77452e-05,3.98792e-09,0.000298011
trajectory_nominal,39,98,1.57934e-05,1.57933e-05,9.93535e-05,9.93297e-05,6.77467e-05,3.65488e-09,0.00029802
trajectory_nominal,40,98,1.57934e-05,1.57934e-05,9.93447e-05,9.93319e-05,6.77463e-05,3.73477e-09,0.000298013
trajectory_nominal,41,100,1.57933e-05,1.57933e-05,9.93461e-05,9.93406e-05,6.77472e-05,3.53386e-09,0.000298024
trajectory_nominal,42,96,1.57934e-05,1.57934e-05,9.93395e-05,9.93307e-05,6.77459e-05,3.82065e-09,0.000298007
trajectory_nominal,43,106,1.57931e-05,1.57931e-05,9.9339e-05,9.9336e-05,6.77488e-05,3.18893e-09,0.000298013
trajectory_nominal,44,100,1.57933e-05,1.57933e-05,9.93287e-05,9.93331e-05,6.77471e-05,3.56704e-09,0.000297999
trajectory_nominal,45,100,1.57933e-05,1.57933e-05,9.93225e-05,9.9341e-05,6.77474e-05,3.49869e-09,0.000298001
trajectory_nominal,46,106,1.57931e-05,1.57931e-05,9.93476e-05,9.93385e-05,6.7749e-05,3.14322e-09,0.000298024
trajectory_nominal,47,100,1.57933e-05,1.57933e-05,9.93273e-05,9.93485e-05,6.77471e-05,3.55018e-09,0.000298013
trajectory_nominal,48,104,1.57931e-05,1.57931e-05,9.93253e-05,9.9332e-05,6.77485e-05,3.26188e-09,0.000297995
trajectory_nominal,49,102,1.57932e-05,1.57932e-05,9.93259e-05,9.93237e-05,6.77478e-05,3.41913e-09,0.000297987
trajectory_nominal,50,100,1.57933e-05,1.57933e-05,9.93201e-05,9.93268e-05,6.77475e-05,3.48082e-09,0.000297984
trajectory_nominal,51,102,1.57932e-05,1.57932e-05,9.93252e-05,9.93321e-05,6.7748e-05,3.37401e-09,0.000297995
trajectory_nominal,52,110,1.5793e-05,1.5793e-05,9.93382e-05,9.93494e-05,6.77496e-05,3.02633e-09,0.000298026
trajectory_nominal,53,114,1.57929e-05,1.57929e-05,9.93197e-05,9.93363e-05,6.77503e-05,2.87102e-09,0.000297995
trajectory_nominal,54,106,1.57931e-05,1.57931e-05,9.93324e-05,9.9347e-05,6.77488e-05,3.21208e-09,0.000298018
trajectory_nominal,55,104,1.57932e-05,1.57932e-05,9.93412e-05,9.93309e-05,6.77483e-05,3.30038e-09,0.00029801
trajectory_nominal,56,100,1.57933e-05,1.57933e-05,9.93403e-05,9.93217e-05,6.77473e-05,3.52166e-09,0.000297999
trajectory_nominal,57,102,1.57932e-05,1.57932e-05,9.93369e-05,9.93297e-05,6.7748e-05,3.38003e-09,0.000298004
trajectory_nominal,58,104,1.57932e-05,1.57932e-05,9.93292e-05,9.9337e-05,6.77484e-05,3.29527e-09,0.000298004
trajectory_nominal,59,108,1.57931e-05,1.57931e-05,9.93395e-05,9.93483e-05,6.7749e-05,3.16282e-09,0.000298026
trajectory_nominal,60,104,1.57932e-05,1.57932e-05,9.93421e-05,9.93479e-05,6.77482e-05,3.33549e-09,0.000298028
trajectory_nominal,61,108,1.57931e-05,1.5793e-05,9.93375e-05,9.93435e-05,6.77493e-05,3.09558e-09,0.00029802
trajectory_nominal,62,104,1.57932e-05,1.57932e-05,9.93421e-05,9.9341e-05,6.77482e-05,3.32666e-09,0.000298021
trajectory_nominal,63,100,1.57933e-05,1.57933e-05,9.93507e-05,9.9339e-05,6.77471e-05,3.55855e-09,0.000298027
trajectory_nominal,64,102,1.57932e-05,1.57932e-05,9.9326e-05,9.932e-05,6.77477e-05,3.4343e-09,0.000297984
trajectory_nominal,65,104,1.57932e-05,1.57931e-05,9.9343e-05,9.93366e-05,6.77484e-05,3.28919e-09,0.000298018
trajectory_nominal,66,102,1.57932e-05,1.57932e-05,9.93432e-05,9.93385e-05,6.77479e-05,3.40731e-09,0.000298019
trajectory_nominal,67,100,1.57933e-05,1.57933e-05,9.93342e-05,9.93516e-05,6.7747e-05,3.58076e-09,0.000298023
trajectory_nominal,68,102,1.57932e-05,1.57933e-05,9.93407e-05,9.93443e-05,6.77477e-05,3.44883e-09,0.000298023
trajectory_nominal,69,100,1.57933e-05,1.57933e-05,9.93395e-05,9.93416e-05,6.77472e-05,3.5597e-09,0.000298018
trajectory_nominal,70,100,1.57933e-05,1.57933e-05,9.93462e-05,9.93365e-05,6.77474e-05,3.50756e-09,0.00029802
trajectory_nominal,71,98,1.57934e-05,1.57933e-05,9.93422e-05,9.93267e-05,6.77467e-05,3.64544e-09,0.000298006
trajectory_nominal,72,96,1.57934e-05,1.57934e-05,9.93249e-05,9.933e-05,6.7746e-05,3.80015e-09,0.000297992
trajectory_nominal,73,94,1.57935e-05,1.57935e-05,9.93253e-05,9.93348e-05,6.77455e-05,3.92258e-09,0.000297996
trajectory_nominal,74,96,1.57934e-05,1.57934e-05,9.93211e-05,9.933e-05,6.77461e-05,3.79179e-09,0.000297988
trajectory_nominal,75,94,1.57935e-05,1.57935e-05,9.93288e-05,9.93398e-05,6.77452e-05,3.98656e-09,0.000298005
trajectory_nominal,76,92,1.57936e-05,1.57936e-05,9.93403e-05,9.93118e-05,6.77444e-05,4.15655e-09,0.000297988
trajectory_nominal,77,92,1.57936e-05,1.57936e-05,9.93222e-05,9.93341e-05,6.77445e-05,4.14769e-09,0.000297992
trajectory_nominal,78,92,1.57936e-05,1.57936e-05,9.93118e-05,9.93323e-05,6.77447e-05,4.10557e-09,0.00029798
trajectory_nominal,79,96,1.57934e-05,1.57934e-05,9.93188e-05,9.93125e-05,6.77462e-05,3.7689e-09,0.000297968
trajectory_nominal,80,94,1.57935e-05,1.57935e-05,9.93179e-05,9.93312e-05,6.77455e-05,3.92668e-09,0.000297985
trajectory_nominal,81,96,1.57934e-05,1.57934e-05,9.93171e-05,9.93239e-05,6.7746e-05,3.81374e-09,0.000297978
trajectory_nominal,82,96,1.57935e-05,1.57934e-05,9.93185e-05,9.93122e-05,6.77459e-05,3.83281e-09,0.000297967
trajectory_nominal,83,96,1.57934e-05,1.57934e-05,9.93166e-05,9.93114e-05,6.77461e-05,3.78818e-09,0.000297965
trajectory_nominal,84,92,1.57936e-05,1.57936e-05,9.93116e-05,9.93288e-05,6.77446e-05,4.1233e-09,0.000297976
trajectory_nominal,85,90,1.57937e-05,1.57937e-05,9.93159e-05,9.93125e-05,6.77435e-05,4.36497e-09,0.000297964
trajectory_nominal,86,92,1.57936e-05,1.57936e-05,9.93214e-05,9.93103e-05,6.77445e-05,4.15408e-09,0.000297968
trajectory_nominal,87,94,1.57935e-05,1.57936e-05,9.93179e-05,9.93293e-05,6.77451e-05,4.0091e-09,0.000297983
trajectory_nominal,88,92,1.57936e-05,1.57936e-05,9.93048e-05,9.93247e-05,6.77446e-05,4.1224e-09,0.000297965
trajectory_nominal,89,100,1.57933e-05,1.57934e-05,9.93023e-05,9.93175e-05,6.77469e-05,3.62318e-09,0.000297957
trajectory_nominal,90,94,1.57935e-05,1.57936e-05,9.93131e-05,9.93331e-05,6.77452e-05,4.0001e-09,0.000297982
trajectory_nominal,91,96,1.57934e-05,1.57935e-05,9.93235e-05,9.93338e-05,6.7746e-05,3.82365e-09,0.000297994
trajectory_nominal,92,94,1.57935e-05,1.57935e-05,9.93295e-05,9.93286e-05,6.77454e-05,3.94876e-09,0.000297994
trajectory_nominal,93,94,1.57935e-05,1.57935e-05,9.93255e-05,9.93275e-05,6.77454e-05,3.95085e-09,0.000297989
trajectory_nominal,94,92,1.57937e-05,1.57936e-05,9.93269e-05,9.93174e-05,6.77443e-05,4.20096e-09,0.00029798
trajectory_nominal,95,94,1.57935e-05,1.57935e-05,9.93245e-05,9.93282e-05,6.77454e-05,3.94544e-09,0.000297989
trajectory_nominal,96,94,1.57936e-05,1.57936e-05,9.9333e-05,9.93288e-05,6.7745e-05,4.03851e-09,0.000297998
trajectory_nominal,97,94,1.57935e-05,1.57935e-05,9.9323e-05,9.93333e-05,6.77453e-05,3.98371e-09,0.000297993
trajectory_nominal,98,94,1.57935e-05,1.57935e-05,9.93279e-05,9.93311e-05,6.77452e-05,3.99881e-09,0.000297995
trajectory_nominal,99,94,1.57935e-05,1.57935e-05,9.93197e-05,9.93357e-05,6.77453e-05,3.96513e-09,0.000297992
trajectory_nominal,100,96,1.57934e-05,1.57935e-05,9.93265e-05,9.93378e-05,6.7746e-05,3.82218e-09,0.000298001
trajectory_noise,1,180,1.5792e-05,1.5792e-05,9.93447e-05,9.93466e-05,6.77582e-05,1.1013e-09,0.000298034
trajectory_noise,2,180,1.57924e-05,1.57924e-05,9.93436e-05,9.93347e-05,6.77546e-05,1.88712e-09,0.00029802
trajectory_noise,3,126,1.5793e-05,1.5793e-05,9.9344e-05,9.93352e-05,6.77497e-05,2.97695e-09,0.000298018
trajectory_noise,4,112,1.57931e-05,1.57931e-05,9.93237e-05,9.93312e-05,6.77488e-05,3.17687e-09,0.000297993
trajectory_noise,5,106,1.57933e-05,1.57933e-05,9.93183e-05,9.93173e-05,6.77467e-05,3.64376e-09,0.000297973
trajectory_noise,6,102,1.57934e-05,1.57934e-05,9.93248e-05,9.93252e-05,6.77459e-05,3.82097e-09,0.000297987
trajectory_noise,7,102,1.57935e-05,1.57935e-05,9.93361e-05,9.93195e-05,6.77453e-05,3.94979e-09,0.000297992
trajectory_noise,8,100,1.57934e-05,1.57934e-05,9.9341e-05,9.93098e-05,6.7746e-05,3.79635e-09,0.000297987
trajectory_noise,9,98,1.57935e-05,1.57934e-05,9.93363e-05,9.93121e-05,6.77458e-05,3.83364e-09,0.000297985
trajectory_noise,10,98,1.57935e-05,1.57935e-05,9.93294e-05,9.93231e-05,6.77456e-05,3.8762e-09,0.000297989
trajectory_noise,11,98,1.57935e-05,1.57934e-05,9.93371e-05,9.93222e-05,6.77458e-05,3.845e-09,0.000297996
trajectory_noise,12,96,1.57934e-05,1.57934e-05,9.9339e-05,9.93236e-05,6.77462e-05,3.73831e-09,0.000297999
trajectory_noise,13,98,1.57933e-05,1.57933e-05,9.93434e-05,9.93185e-05,6.77472e-05,3.53586e-09,0.000297999
trajectory_noise,14,96,1.57934e-05,1.57934e-05,9.93492e-05,9.93154e-05,6.77459e-05,3.82055e-09,0.000298001
trajectory_noise,15,96,1.57934e-05,1.57934e-05,9.93376e-05,9.93187e-05,6.77461e-05,3.7832e-09,0.000297993
trajectory_noise,16,96,1.57934e-05,1.57934e-05,9.93365e-05,9.9323e-05,6.77461e-05,3.77899e-09,0.000297996
trajectory_noise,17,98,1.57933e-05,1.57933e-05,9.93463e-05,9.93178e-05,6.77472e-05,3.53224e-09,0.000298001
trajectory_noise,18,96,1.57934e-05,1.57933e-05,9.93555e-05,9.93125e-05,6.77466e-05,3.65453e-09,0.000298005
trajectory_noise,19,96,1.57934e-05,1.57934e-05,9.93543e-05,9.93138e-05,6.77465e-05,3.69224e-09,0.000298005
trajectory_noise,20,96,1.57934e-05,1.57934e-05,9.93524e-05,9.9319e-05,6.77465e-05,3.6847e-09,0.000298008
trajectory_noise,21,96,1.57934e-05,1.57933e-05,9.93504e-05,9.93208e-05,6.77466e-05,3.65424e-09,0.000298008
trajectory_noise,22,98,1.57933e-05,1.57933e-05,9.93487e-05,9.9319e-05,6.77471e-05,3.54994e-09,0.000298005
trajectory_noise,23,96,1.57934e-05,1.57933e-05,9.93552e-05,9.93115e-05,6.77465e-05,3.68016e-09,0.000298004
trajectory_noise,24,96,1.57934e-05,1.57934e-05,9.93491e-05,9.93177e-05,6.77462e-05,3.74749e-09,0.000298004
trajectory_noise,25,180,1.57925e-05,1.57925e-05,9.93089e-05,9.93369e-05,6.77541e-05,1.99388e-09,0.000297987
trajectory_noise,26,94,1.57935e-05,1.57935e-05,9.93505e-05,9.93134e-05,6.77454e-05,3.91613e-09,0.000298
trajectory_noise,27,96,1.57934e-05,1.57933e-05,9.93476e-05,9.93257e-05,6.77466e-05,3.66614e-09,0.00029801
trajectory_noise,28,96,1.57934e-05,1.57934e-05,9.93513e-05,9.93203e-05,6.77464e-05,3.70525e-09,0.000298008
trajectory_noise,29,98,1.57933e-05,1.57933e-05,9.9357e-05,9.93203e-05,6.77468e-05,3.6139e-09,0.000298014
trajectory_noise,30,96,1.57934e-05,1.57934e-05,9.93496e-05,9.93194e-05,6.77464e-05,3.69796e-09,0.000298006
trajectory_noise,31,104,1.57931e-05,1.57931e-05,9.93653e-05,9.93303e-05,6.77484e-05,3.26391e-09,0.000298033
trajectory_noise,32,98,1.57933e-05,1.57933e-05,9.93635e-05,9.93264e-05,6.77468e-05,3.60443e-09,0.000298027
trajectory_noise,33,96,1.57934e-05,1.57933e-05,9.93509e-05,9.93298e-05,6.77466e-05,3.6702e-09,0.000298018
trajectory_noise,34,100,1.57932e-05,1.57932e-05,9.93588e-05,9.93273e-05,6.77476e-05,3.44815e-09,0.000298024
trajectory_noise,35,96,1.57934e-05,1.57934e-05,9.93483e-05,9.93286e-05,6.7746e-05,3.78516e-09,0.000298014
trajectory_noise,36,180,1.57925e-05,1.57925e-05,9.92923e-05,9.93219e-05,6.77539e-05,2.05486e-09,0.000297955
trajectory_noise,37,98,1.57933e-05,1.57933e-05,9.93444e-05,9.93356e-05,6.7747e-05,3.56988e-09,0.000298017
trajectory_noise,38,96,1.57934e-05,1.57934e-05,9.93408e-05,9.93306e-05,6.77462e-05,3.75598e-09,0.000298008
trajectory_noise,39,96,1.57934e-05,1.57934e-05,9.93297e-05,9.93351e-05,6.77461e-05,3.76938e-09,0.000298001
trajectory_noise,40,96,1.57934e-05,1.57934e-05,9.93283e-05,9.93343e-05,6.77462e-05,3.74952e-09,0.000297999
trajectory_noise,41,96,1.57934e-05,1.57934e-05,9.93282e-05,9.93349e-05,6.77465e-05,3.6851e-09,0.000298
trajectory_noise,42,98,1.57933e-05,1.57933e-05,9.93215e-05,9.934e-05,6.7747e-05,3.57589e-09,0.000297999
trajectory_noise,43,100,1.57932e-05,1.57932e-05,9.93286e-05,9.93439e-05,6.77476e-05,3.4463e-09,0.00029801
trajectory_noise,44,96,1.57933e-05,1.57934e-05,9.93296e-05,9.93369e-05,6.77466e-05,3.65725e-09,0.000298004
trajectory_noise,45,98,1.57933e-05,1.57933e-05,9.93341e-05,9.93335e-05,6.77472e-05,3.5271e-09,0.000298005
trajectory_noise,46,96,1.57933e-05,1.57933e-05,9.93366e-05,9.93303e-05,6.77467e-05,3.65056e-09,0.000298004
trajectory_noise,47,98,1.57933e-05,1.57933e-05,9.93402e-05,9.93335e-05,6.7747e-05,3.57541e-09,0.000298011
trajectory_noise,48,98,1.57933e-05,1.57933e-05,9.93423e-05,9.93312e-05,6.77471e-05,3.54449e-09,0.000298011
trajectory_noise,49,180,1.57925e-05,1.57925e-05,9.92954e-05,9.93035e-05,6.77537e-05,2.11117e-09,0.00029794
trajectory_noise,50,102,1.57932e-05,1.57932e-05,9.93474e-05,9.93368e-05,6.77482e-05,3.31008e-09,0.000298022
trajectory_noise,51,106,1.57931e-05,1.57931e-05,9.93498e-05,9.9345e-05,6.7749e-05,3.13208e-09,0.000298033
trajectory_noise,52,180,1.57925e-05,1.57925e-05,9.93059e-05,9.9308e-05,6.77537e-05,2.11847e-09,0.000297955
trajectory_noise,53,180,1.57925e-05,1.57925e-05,9.93067e-05,9.9313e-05,6.77536e-05,2.12563e-09,0.000297961
trajectory_noise,54,180,1.57925e-05,1.57925e-05,9.93114e-05,9.93135e-05,6.77537e-05,2.10696e-09,0.000297966
trajectory_noise,55,180,1.57925e-05,1.57925e-05,9.93118e-05,9.93146e-05,6.77538e-05,2.09825e-09,0.000297967
trajectory_noise,56,100,1.57932e-05,1.57932e-05,9.93315e-05,9.93431e-05,6.77477e-05,3.41384e-09,0.000298012
trajectory_noise,57,106,1.57931e-05,1.57931e-05,9.93357e-05,9.93524e-05,6.7749e-05,3.1381e-09,0.000298026
trajectory_noise,58,104,1.57931e-05,1.57931e-05,9.93309e-05,9.93519e-05,6.77486e-05,3.22249e-09,0.000298021
trajectory_noise,59,104,1.57931e-05,1.57931e-05,9.93303e-05,9.93546e-05,6.77486e-05,3.21229e-09,0.000298023
trajectory_noise,60,126,1.57928e-05,1.57928e-05,9.93416e-05,9.93499e-05,6.77515e-05,2.58572e-09,0.000298031
trajectory_noise,61,104,1.57931e-05,1.57931e-05,9.93411e-05,9.93462e-05,6.77486e-05,3.21891e-09,0.000298025
trajectory_noise,62,104,1.57931e-05,1.57931e-05,9.93354e-05,9.93411e-05,6.77488e-05,3.18141e-09,0.000298015
trajectory_noise,63,102,1.57931e-05,1.57931e-05,9.93262e-05,9.93411e-05,6.77484e-05,3.26454e-09,0.000298005
trajectory_noise,64,104,1.57931e-05,1.57931e-05,9.93311e-05,9.93348e-05,6.77485e-05,3.25733e-09,0.000298004
trajectory_noise,65,106,1.57931e-05,1.57931e-05,9.9332e-05,9.93343e-05,6.77491e-05,3.10884e-09,0.000298005
trajectory_noise,66,108,1.5793e-05,1.5793e-05,9.93424e-05,9.93305e-05,6.77496e-05,2.99225e-09,0.000298012
trajectory_noise,67,106,1.57931e-05,1.5793e-05,9.93525e-05,9.9335e-05,6.77491e-05,3.10038e-09,0.000298026
trajectory_noise,68,104,1.57931e-05,1.57931e-05,9.93479e-05,9.93336e-05,6.77488e-05,3.18526e-09,0.00029802
trajectory_noise,69,102,1.57932e-05,1.57931e-05,9.93456e-05,9.93293e-05,6.77483e-05,3.29324e-09,0.000298013
trajectory_noise,70,110,1.5793e-05,1.5793e-05,9.93532e-05,9.93322e-05,6.77497e-05,2.97395e-09,0.000298024
trajectory_noise,71,108,1.5793e-05,1.5793e-05,9.9354e-05,9.93318e-05,6.77495e-05,3.02264e-09,0.000298024
trajectory_noise,72,104,1.57931e-05,1.57931e-05,9.93458e-05,9.93299e-05,6.77486e-05,3.20923e-09,0.000298014
trajectory_noise,73,104,1.57931e-05,1.57931e-05,9.93398e-05,9.93273e-05,6.77487e-05,3.20357e-09,0.000298005
trajectory_noise,74,108,1.5793e-05,1.5793e-05,9.93352e-05,9.9321e-05,6.77495e-05,3.02416e-09,0.000297995
trajectory_noise,75,106,1.57931e-05,1.57931e-05,9.93361e-05,9.93185e-05,6.7749e-05,3.12405e-09,0.000297993
trajectory_noise,76,104,1.57931e-05,1.57931e-05,9.93411e-05,9.93156e-05,6.77485e-05,3.24063e-09,0.000297995
trajectory_noise,77,104,1.57931e-05,1.57931e-05,9.93363e-05,9.93199e-05,6.77485e-05,3.23711e-09,0.000297994
trajectory_noise,78,108,1.5793e-05,1.5793e-05,9.93449e-05,9.93221e-05,6.77493e-05,3.05291e-09,0.000298005
trajectory_noise,79,100,1.57933e-05,1.57932e-05,9.93459e-05,9.93177e-05,6.77474e-05,3.484e-09,0.000298001
trajectory_noise,80,102,1.57932e-05,1.57932e-05,9.93462e-05,9.93208e-05,6.77481e-05,3.32297e-09,0.000298005
trajectory_noise,81,102,1.57932e-05,1.57932e-05,9.9353e-05,9.93202e-05,6.7748e-05,3.34188e-09,0.000298011
trajectory_noise,82,106,1.57931e-05,1.5793e-05,9.93445e-05,9.93159e-05,6.77491e-05,3.11238e-09,0.000297999
trajectory_noise,83,106,1.57931e-05,1.5793e-05,9.93417e-05,9.9312e-05,6.77491e-05,3.11445e-09,0.000297992
trajectory_noise,84,108,1.5793e-05,1.5793e-05,9.93446e-05,9.9321e-05,6.77495e-05,3.00685e-09,0.000298004
trajectory_noise,85,106,1.57931e-05,1.57931e-05,9.93375e-05,9.93172e-05,6.7749e-05,3.1232e-09,0.000297993
trajectory_noise,86,106,1.57931e-05,1.57931e-05,9.93331e-05,9.93233e-05,6.77491e-05,3.11025e-09,0.000297995
trajectory_noise,87,108,1.5793e-05,1.5793e-05,9.93468e-05,9.93273e-05,6.77495e-05,3.02299e-09,0.000298013
trajectory_noise,88,104,1.57931e-05,1.57931e-05,9.93414e-05,9.93289e-05,6.77484e-05,3.26967e-09,0.000298008
trajectory_noise,89,104,1.57931e-05,1.57931e-05,9.93332e-05,9.93291e-05,6.77486e-05,3.21732e-09,0.000298
trajectory_noise,90,106,1.57931e-05,1.57931e-05,9.93396e-05,9.93333e-05,6.77491e-05,3.11586e-09,0.000298011
trajectory_noise,91,104,1.57931e-05,1.57931e-05,9.93355e-05,9.9328e-05,6.77484e-05,3.26209e-09,0.000298001
trajectory_noise,92,102,1.57932e-05,1.57932e-05,9.93381e-05,9.93272e-05,6.77479e-05,3.38524e-09,0.000298003
trajectory_noise,93,102,1.57932e-05,1.57932e-05,9.93364e-05,9.933e-05,6.77477e-05,3.42397e-09,0.000298004
trajectory_noise,94,102,1.57932e-05,1.57932e-05,9.93392e-05,9.93315e-05,6.77479e-05,3.38631e-09,0.000298008
trajectory_noise,95,102,1.57932e-05,1.57932e-05,9.93412e-05,9.93257e-05,6.77479e-05,3.37143e-09,0.000298005
trajectory_noise,96,104,1.57931e-05,1.57931e-05,9.93408e-05,9.93296e-05,6.77484e-05,3.25953e-09,0.000298008
trajectory_noise,97,100,1.57932e-05,1.57932e-05,9.93395e-05,9.93304e-05,6.77477e-05,3.42267e-09,0.000298007
trajectory_noise,98,100,1.57932e-05,1.57932e-05,9.93365e-05,9.93309e-05,6.77477e-05,3.42618e-09,0.000298005
trajectory_noise,99,102,1.57932e-05,1.57932e-05,9.93452e-05,9.93324e-05,6.77479e-05,3.38622e-09,0.000298015
trajectory_noise,100,100,1.57932e-05,1.57932e-05,9.93396e-05,9.93273e-05,6.77475e-05,3.45567e-09,0.000298004
summary_matched_iterations_21_100_min,,,,,,,,,0.00029794
summary_matched_iterations_21_100_median,,,,,,,,,0.000298005
summary_matched_iterations_21_100_max,,,,,,,,,0.000298053
summary_selected_min,,,,,,,,,0.000297856
summary_selected_median,,,,,,,,,0.000297996
summary_selected_max,,,,,,,,,0.000298013
