source,iteration,time_ns,nominal_fidelity,excess_infidelity_1mhz,predicted_excess_1mhz
trajectory_nominal,21,96,0.985657,0.0286269,0.0283255
trajectory_nominal,22,180,0.987101,0.048559,0.0531103
trajectory_nominal,23,94,0.985744,0.0276473,0.0277354
trajectory_nominal,24,180,0.98713,0.0487764,0.0531103
trajectory_nominal,25,98,0.982998,0.028106,0.0289156
trajectory_nominal,26,98,0.982223,0.029037,0.0289156
trajectory_nominal,27,94,0.986775,0.0273634,0.0277354
trajectory_nominal,28,102,0.98027,0.0291624,0.0300958
trajectory_nominal,29,96,0.986779,0.0280568,0.0283255
trajectory_nominal,30,180,0.990624,0.0481063,0.0531103
trajectory_nominal,31,98,0.987175,0.028673,0.0289156
trajectory_nominal,32,96,0.983288,0.0286153,0.0283255
trajectory_nominal,33,102,0.98078,0.0292952,0.0300958
trajectory_nominal,34,100,0.984468,0.0298527,0.0295057
trajectory_nominal,35,98,0.983445,0.0288874,0.0289156
trajectory_nominal,36,100,0.982133,0.0305273,0.0295057
trajectory_nominal,37,108,0.982077,0.032513,0.0318662
trajectory_nominal,38,94,0.987652,0.0273194,0.0277354
trajectory_nominal,39,98,0.983253,0.0286634,0.0289156
trajectory_nominal,40,98,0.987901,0.0288602,0.0289156
trajectory_nominal,41,100,0.983518,0.0301329,0.0295057
trajectory_nominal,42,96,0.987483,0.0284902,0.0283255
trajectory_nominal,43,106,0.984057,0.0309346,0.031276
trajectory_nominal,44,100,0.989172,0.0297283,0.0295057
trajectory_nominal,45,100,0.98512,0.0297813,0.0295057
trajectory_nominal,46,106,0.98536,0.0312131,0.031276
trajectory_nominal,47,100,0.986996,0.0298903,0.0295057
trajectory_nominal,48,104,0.984472,0.0309613,0.0306859
trajectory_nominal,49,102,0.985947,0.0283795,0.0300958
trajectory_nominal,50,100,0.985373,0.0294448,0.0295057
trajectory_nominal,51,102,0.98487,0.0286438,0.0300958
trajectory_nominal,52,110,0.985349,0.0332741,0.0324563
trajectory_nominal,53,114,0.986916,0.0330107,0.0336365
trajectory_nominal,54,106,0.987335,0.0311022,0.031276
trajectory_nominal,55,104,0.988289,0.0312328,0.0306859
trajectory_nominal,56,100,0.986636,0.0299509,0.0295057
trajectory_nominal,57,102,0.985226,0.0287095,0.0300958
trajectory_nominal,58,104,0.985171,0.0309981,0.0306859
trajectory_nominal,59,108,0.985115,0.0326208,0.0318662
trajectory_nominal,60,104,0.985417,0.0314306,0.0306859
trajectory_nominal,61,108,0.985176,0.032301,0.0318662
trajectory_nominal,62,104,0.986385,0.0313912,0.0306859
trajectory_nominal,63,100,0.986741,0.0301847,0.0295057
trajectory_nominal,64,102,0.985426,0.028485,0.0300958
trajectory_nominal,65,104,0.983951,0.0311627,0.0306859
trajectory_nominal,66,102,0.984637,0.0292412,0.0300958
trajectory_nominal,67,100,0.985388,0.0300875,0.0295057
trajectory_nominal,68,102,0.985415,0.0294684,0.0300958
trajectory_nominal,69,100,0.985251,0.0300966,0.0295057
trajectory_nominal,70,100,0.984615,0.0301707,0.0295057
trajectory_nominal,71,98,0.985324,0.0285719,0.0289156
trajectory_nominal,72,96,0.986704,0.0284703,0.0283255
trajectory_nominal,73,94,0.985883,0.0272962,0.0277354
trajectory_nominal,74,96,0.985691,0.0282391,0.0283255
trajectory_nominal,75,94,0.987612,0.0275668,0.0277354
trajectory_nominal,76,92,0.987354,0.0277535,0.0271452
trajectory_nominal,77,92,0.986401,0.0276145,0.0271452
trajectory_nominal,78,92,0.985673,0.0272758,0.0271452
trajectory_nominal,79,96,0.982608,0.0282319,0.0283255
trajectory_nominal,80,94,0.984815,0.0273574,0.0277354
trajectory_nominal,81,96,0.984921,0.0283958,0.0283255
trajectory_nominal,82,96,0.984724,0.0280939,0.0283255
trajectory_nominal,83,96,0.983335,0.0281808,0.0283255
trajectory_nominal,84,92,0.986217,0.0273657,0.0271452
trajectory_nominal,85,90,0.987624,0.0261773,0.0265551
trajectory_nominal,86,92,0.985743,0.0273985,0.0271452
trajectory_nominal,87,94,0.985939,0.0276779,0.0277354
trajectory_nominal,88,92,0.98515,0.0270171,0.0271452
trajectory_nominal,89,100,0.982716,0.0291519,0.0295057
trajectory_nominal,90,94,0.986207,0.0272762,0.0277354
trajectory_nominal,91,96,0.985503,0.0282485,0.0283255
trajectory_nominal,92,94,0.986294,0.0272784,0.0277354
trajectory_nominal,93,94,0.986289,0.0272478,0.0277354
trajectory_nominal,94,92,0.989045,0.0275231,0.0271452
trajectory_nominal,95,94,0.985511,0.02746,0.0277354
trajectory_nominal,96,94,0.987674,0.0272095,0.0277354
trajectory_nominal,97,94,0.986064,0.027024,0.0277354
trajectory_nominal,98,94,0.986844,0.027081,0.0277354
trajectory_nominal,99,94,0.986061,0.0271246,0.0277354
trajectory_nominal,100,96,0.985564,0.0283084,0.0283255
trajectory_noise,21,96,0.981934,0.0286552,0.0283255
trajectory_noise,22,98,0.981046,0.0285331,0.0289156
trajectory_noise,23,96,0.979733,0.0284796,0.0283255
trajectory_noise,24,96,0.982895,0.0288226,0.0283255
trajectory_noise,25,180,0.962278,0.0476907,0.0531103
trajectory_noise,26,94,0.985111,0.0276365,0.0277354
trajectory_noise,27,96,0.980692,0.0285493,0.0283255
trajectory_noise,28,96,0.983495,0.0286322,0.0283255
trajectory_noise,29,98,0.982756,0.0282166,0.0289156
trajectory_noise,30,96,0.984652,0.0285401,0.0283255
trajectory_noise,31,104,0.979747,0.0315287,0.0306859
trajectory_noise,32,98,0.982942,0.0289791,0.0289156
trajectory_noise,33,96,0.981786,0.0285882,0.0283255
trajectory_noise,34,100,0.980081,0.0299913,0.0295057
trajectory_noise,35,96,0.986351,0.0288387,0.0283255
trajectory_noise,36,180,0.984234,0.0475654,0.0531103
trajectory_noise,37,98,0.982937,0.0288584,0.0289156
trajectory_noise,38,96,0.985866,0.028472,0.0283255
trajectory_noise,39,96,0.986554,0.0285655,0.0283255
trajectory_noise,40,96,0.985082,0.0286255,0.0283255
trajectory_noise,41,96,0.983387,0.0284794,0.0283255
trajectory_noise,42,98,0.984261,0.028387,0.0289156
trajectory_noise,43,100,0.982476,0.0300954,0.0295057
trajectory_noise,44,96,0.98293,0.0284065,0.0283255
trajectory_noise,45,98,0.98119,0.0284004,0.0289156
trajectory_noise,46,96,0.982245,0.0283824,0.0283255
trajectory_noise,47,98,0.984133,0.028725,0.0289156
trajectory_noise,48,98,0.982999,0.0289514,0.0289156
trajectory_noise,49,180,0.974304,0.0459817,0.0531103
trajectory_noise,50,102,0.982541,0.0293782,0.0300958
trajectory_noise,51,106,0.981437,0.0311061,0.031276
trajectory_noise,52,180,0.978775,0.0463636,0.0531103
trajectory_noise,53,180,0.981712,0.0468837,0.0531103
trajectory_noise,54,180,0.983045,0.0471667,0.0531103
trajectory_noise,55,180,0.983228,0.0471756,0.0531103
trajectory_noise,56,100,0.98386,0.0300097,0.0295057
trajectory_noise,57,106,0.981513,0.031123,0.031276
trajectory_noise,58,104,0.982368,0.0313806,0.0306859
trajectory_noise,59,104,0.98264,0.031275,0.0306859
trajectory_noise,60,126,0.983391,0.0366892,0.0371772
trajectory_noise,61,104,0.984067,0.0312849,0.0306859
trajectory_noise,62,104,0.983249,0.031259,0.0306859
trajectory_noise,63,102,0.983964,0.0291893,0.0300958
trajectory_noise,64,104,0.98653,0.0309491,0.0306859
trajectory_noise,65,106,0.984092,0.0308624,0.031276
trajectory_noise,66,108,0.981001,0.031837,0.0318662
trajectory_noise,67,106,0.982681,0.0312193,0.031276
trajectory_noise,68,104,0.982371,0.0314526,0.0306859
trajectory_noise,69,102,0.98407,0.0292904,0.0300958
trajectory_noise,70,110,0.981795,0.0335856,0.0324563
trajectory_noise,71,108,0.982372,0.032442,0.0318662
trajectory_noise,72,104,0.983795,0.0313575,0.0306859
trajectory_noise,73,104,0.9829,0.0311034,0.0306859
trajectory_noise,74,108,0.982491,0.0319194,0.0318662
trajectory_noise,75,106,0.984613,0.0307076,0.031276
trajectory_noise,76,104,0.98415,0.0309896,0.0306859
trajectory_noise,77,104,0.98569,0.0312569,0.0306859
trajectory_noise,78,108,0.983204,0.031832,0.0318662
trajectory_noise,79,100,0.987221,0.0301104,0.0295057
trajectory_noise,80,102,0.984198,0.0292885,0.0300958
trajectory_noise,81,102,0.985105,0.0294186,0.0300958
trajectory_noise,82,106,0.984874,0.0308186,0.031276
trajectory_noise,83,106,0.986006,0.0306253,0.031276
trajectory_noise,84,108,0.984889,0.0321183,0.0318662
trajectory_noise,85,106,0.986737,0.0308618,0.031276
trajectory_noise,86,106,0.984716,0.030622,0.031276
trajectory_noise,87,108,0.984652,0.0319808,0.0318662
trajectory_noise,88,104,0.988714,0.0314408,0.0306859
trajectory_noise,89,104,0.985344,0.0312737,0.0306859
trajectory_noise,90,106,0.984853,0.0310862,0.031276
trajectory_noise,91,104,0.987817,0.0311819,0.0306859
trajectory_noise,92,102,0.988437,0.0289691,0.0300958
trajectory_noise,93,102,0.988935,0.0290485,0.0300958
trajectory_noise,94,102,0.986669,0.0290435,0.0300958
trajectory_noise,95,102,0.987262,0.0290884,0.0300958
trajectory_noise,96,104,0.986263,0.0315721,0.0306859
trajectory_noise,97,100,0.985058,0.0300358,0.0295057
trajectory_noise,98,100,0.984333,0.0298733,0.0295057
trajectory_noise,99,102,0.985408,0.0290238,0.0300958
trajectory_noise,100,100,0.986079,0.0301365,0.0295057
selected_adam70,,70,,0.0197278,0.0206326
selected_adam60,,60,,0.0178098,0.0176851
selected_nominal,,116,,0.0337833,0.0341912
selected_noise,,98,,0.0282552,0.0288857
selected_noise91,,104,,0.0296471,0.0306542
