quantity,zero_order_hold,value
variance_delta_1,False,0.25
variance_delta_2,False,0.25
variance_f_1,False,2
variance_f_2,False,2
variance_g,False,1.5
variance_eta,False,0
predicted_rate_per_ns_per_mhz2,False,0.000378993
variance_delta_1,True,0.25
variance_delta_2,True,0.25
variance_f_1,True,1.57279
variance_f_2,True,1.57279
variance_g,True,1.07279
variance_eta,True,0
predicted_rate_per_ns_per_mhz2,True,0.000298037
measured_rate_nominal_iterations21to100_sigma0.5_median,,0.000336922
measured_rate_nominal_iterations21to100_sigma0.5_iqr_low,,0.000329349
measured_rate_nominal_iterations21to100_sigma0.5_iqr_high,,0.000338721
measured_rate_nominal_iterations21to100_sigma1.0_median,,0.000297178
measured_rate_nominal_iterations21to100_sigma1.0_iqr_low,,0.00029327
measured_rate_nominal_iterations21to100_sigma1.0_iqr_high,,0.000301293
measured_rate_nominal_iterations21to100_sigma2.0_median,,0.000267991
measured_rate_nominal_iterations21to100_sigma2.0_iqr_low,,0.000264486
measured_rate_nominal_iterations21to100_sigma2.0_iqr_high,,0.000270483
corr_excess_infidelity_vs_duration_nominal_sigma1.0,,0.987194
measured_rate_noise_iterations21to100_sigma0.5_median,,0.000334674
measured_rate_noise_iterations21to100_sigma0.5_iqr_low,,0.000329371
measured_rate_noise_iterations21to100_sigma0.5_iqr_high,,0.000340099
measured_rate_noise_iterations21to100_sigma1.0_median,,0.000298664
measured_rate_noise_iterations21to100_sigma1.0_iqr_low,,0.000292401
measured_rate_noise_iterations21to100_sigma1.0_iqr_high,,0.000302989
measured_rate_noise_iterations21to100_sigma2.0_median,,0.000267236
measured_rate_noise_iterations21to100_sigma2.0_iqr_low,,0.00026527
measured_rate_noise_iterations21to100_sigma2.0_iqr_high,,0.000269263
corr_excess_infidelity_vs_duration_noise_sigma1.0,,0.991454
