plan,time_ns,noise_interval_ns,sigma_mhz,num_samples,excess_infidelity,standard_error,first_order,first_order_rate_per_ns,first_order_ratio_to_2ns
adam_70ns,70,0.1,1,4000,0.00133611,1.57688e-05,0.00132535,1.89336e-05,0.0635663
adam_70ns,70,0.5,1,4000,0.00639206,4.87635e-05,0.00652321,9.31888e-05,0.312865
adam_70ns,70,1,1,4000,0.0120976,8.5989e-05,0.0124324,0.000177606,0.59628
adam_70ns,70,2,1,4000,0.0203294,0.000146356,0.0208499,0.000297856,1
adam_70ns,70,4,1,4000,0.026447,0.000245482,0.0276767,0.000395382,1.32743
adam_70ns,70,8,1,4000,0.0510335,0.000455086,0.053494,0.0007642,2.56567
adam_60ns,60,0.1,1,4000,0.00111962,3.69671e-05,0.00113602,1.89337e-05,0.063546
adam_60ns,60,0.5,1,4000,0.00538342,8.61059e-05,0.00559149,9.31915e-05,0.312773
adam_60ns,60,1,1,4000,0.0104225,0.000126131,0.0106574,0.000177623,0.596146
adam_60ns,60,2,1,4000,0.0173438,0.000195026,0.0178772,0.000297953,1
adam_60ns,60,4,1,4000,0.0230961,0.000288997,0.0238599,0.000397665,1.33466
adam_60ns,60,8,1,4000,0.0439042,0.000472406,0.0452822,0.000754704,2.53296
trpo_nominal,116,0.1,1,4000,0.00217274,2.99879e-05,0.00219659,1.89361e-05,0.0635411
trpo_nominal,116,0.5,1,4000,0.0106997,8.77356e-05,0.0108117,9.32042e-05,0.312752
trpo_nominal,116,1,1,4000,0.0203472,0.000142955,0.0206078,0.000177653,0.596125
trpo_nominal,116,2,1,4000,0.033739,0.00023149,0.0345695,0.000298013,1
trpo_nominal,116,4,1,4000,0.0450581,0.000388188,0.0461502,0.000397846,1.335
trpo_nominal,116,8,1,4000,0.0838219,0.000657075,0.0891169,0.000768249,2.5779
trpo_noise,98,0.1,1,4000,0.0018349,3.47998e-05,0.00185571,1.89358e-05,0.063544
trpo_noise,98,0.5,1,4000,0.00890869,8.83979e-05,0.00913386,9.32026e-05,0.312765
trpo_noise,98,1,1,4000,0.01672,0.000138322,0.0174095,0.000177648,0.596143
trpo_noise,98,2,1,4000,0.0287332,0.000221132,0.0292036,0.000297996,1
trpo_noise,98,4,1,4000,0.0374493,0.000338067,0.0387502,0.000395411,1.3269
trpo_noise,98,8,1,4000,0.0709151,0.000582738,0.0755711,0.000771134,2.58773
trpo_noise_it091,104,0.1,1,4000,0.00189084,3.98179e-05,0.00196935,1.8936e-05,0.0635434
trpo_noise_it091,104,0.5,1,4000,0.00949807,0.000103352,0.00969319,9.32037e-05,0.312763
trpo_noise_it091,104,1,1,4000,0.0178149,0.000157107,0.0184757,0.000177651,0.59614
trpo_noise_it091,104,2,1,4000,0.0299143,0.000242172,0.0309922,0.000298001,1
trpo_noise_it091,104,4,1,4000,0.0392291,0.00037852,0.0413466,0.000397563,1.3341
trpo_noise_it091,104,8,1,4000,0.0755159,0.000655933,0.0812189,0.000780951,2.62063
