plan,time_ns,sigma_mhz,num_samples,gate_fidelity,leakage_bound,leakage_bound_boundary,leakage_bound_integral,leakage_population,infidelity_term,leakage_term,boundary_term,time_term,ufo_cost
trpo_nominal,116,0,1,0.994151,0.00159949,2.21768e-05,0.00157732,3.18895e-06,0.0584912,0.0159949,0.0303809,0.193333,0.2982
trpo_nominal,116,0.1,100,0.993692,0.0439669,0.000565557,0.0434013,0.000157869,0.0630785,0.439669,0.0303809,0.193333,0.726462
trpo_nominal,116,0.25,100,0.991414,0.110686,0.00148104,0.109205,0.000999293,0.0858553,1.10686,0.0303809,0.193333,1.41643
trpo_nominal,116,0.5,100,0.984294,0.220611,0.00303648,0.217575,0.00383358,0.157061,2.20611,0.0303809,0.193333,2.58689
trpo_nominal,116,1,100,0.949902,0.447487,0.00581193,0.441675,0.0171172,0.500981,4.47487,0.0303809,0.193333,5.19957
trpo_nominal,116,2,100,0.838205,0.884929,0.0117225,0.873206,0.0548215,1.61795,8.84929,0.0303809,0.193333,10.691
trpo_noise,98,0,1,0.99078,0.000472631,4.67195e-06,0.000467959,1.06725e-05,0.0922006,0.00472631,0.0934329,0.163333,0.353693
trpo_noise,98,0.1,100,0.990445,0.0366556,0.000581528,0.0360741,0.000134433,0.0955465,0.366556,0.0934329,0.163333,0.718869
trpo_noise,98,0.25,100,0.988907,0.0922657,0.00137846,0.0908872,0.0008189,0.110929,0.922657,0.0934329,0.163333,1.29035
trpo_noise,98,0.5,100,0.983017,0.184481,0.00262935,0.181851,0.00333204,0.16983,1.84481,0.0934329,0.163333,2.2714
trpo_noise,98,1,100,0.955331,0.373812,0.0057588,0.368053,0.0129738,0.446686,3.73812,0.0934329,0.163333,4.44157
trpo_noise,98,2,100,0.861083,0.747919,0.0108056,0.737113,0.0452906,1.38917,7.47919,0.0934329,0.163333,9.12512
adam_60ns,60,0,1,0.98205,0.000367028,2.305e-05,0.000343978,4.50541e-06,0.179496,0.00367028,0.0974725,0.1,0.380639
adam_60ns,60,0.1,100,0.981868,0.0220897,0.00059768,0.021492,8.2741e-05,0.181322,0.220897,0.0974725,0.1,0.599691
adam_60ns,60,0.25,100,0.980832,0.0555367,0.0015342,0.0540025,0.000501138,0.191683,0.555367,0.0974725,0.1,0.944522
adam_60ns,60,0.5,100,0.9779,0.111943,0.00283797,0.109105,0.00200637,0.221003,1.11943,0.0974725,0.1,1.5379
adam_60ns,60,1,100,0.961149,0.225934,0.00587707,0.220057,0.0084995,0.388509,2.25934,0.0974725,0.1,2.84532
adam_60ns,60,2,100,0.892229,0.448042,0.0114391,0.436603,0.0298668,1.07771,4.48042,0.0974725,0.1,5.7556
adam_70ns,70,0,1,0.99662,0.000282404,2.08432e-05,0.000261561,1.16277e-06,0.0338037,0.00282404,0.00428074,0.116667,0.157575
adam_70ns,70,0.1,100,0.996303,0.0261164,0.000550933,0.0255654,9.38051e-05,0.0369683,0.261164,0.00428074,0.116667,0.419079
adam_70ns,70,0.25,100,0.995099,0.0646565,0.00144553,0.063211,0.000609069,0.0490089,0.646565,0.00428074,0.116667,0.816521
adam_70ns,70,0.5,100,0.989838,0.131309,0.00278015,0.128529,0.00241289,0.101622,1.31309,0.00428074,0.116667,1.53566
adam_70ns,70,1,100,0.972423,0.265974,0.00555447,0.260419,0.00977678,0.275768,2.65974,0.00428074,0.116667,3.05645
adam_70ns,70,2,100,0.901906,0.528639,0.011379,0.51726,0.0351371,0.980937,5.28639,0.00428074,0.116667,6.38828
