plan,time_ns,dt_ns,sigma_mhz,num_samples,noise_bound_per_ns,ratio_to_2ns,dt_power_law
trpo_nominal,116,2,1,40,0.00375778,1,1
trpo_nominal,116,1,1,40,0.0592124,15.7573,16
trpo_nominal,116,0.5,1,40,0.967891,257.57,256
trpo_nominal,116,0.25,1,40,15.8817,4226.36,4096
trpo_noise,98,2,1,40,0.00377153,1,1
trpo_noise,98,1,1,40,0.0586679,15.5555,16
trpo_noise,98,0.5,1,40,0.968367,256.757,256
trpo_noise,98,0.25,1,40,15.8797,4210.41,4096
adam_60ns,60,2,1,40,0.00366747,1,1
adam_60ns,60,1,1,40,0.0536359,14.6248,16
adam_60ns,60,0.5,1,40,0.924471,252.073,256
adam_60ns,60,0.25,1,40,15.5625,4243.39,4096
adam_70ns,70,2,1,40,0.00371742,1,1
adam_70ns,70,1,1,40,0.0547898,14.7387,16
adam_70ns,70,0.5,1,40,0.935538,251.663,256
adam_70ns,70,0.25,1,40,15.6736,4216.27,4096
