model,horizon_ns,n_runs,nominal_fidelity_mean,nominal_fidelity_min,nominal_fidelity_max,nominal_cost_mean,nominal_cost_min,nominal_cost_max,white_first_order_1mhz_mean,white_first_order_1mhz_min,white_first_order_1mhz_max,white_excess_1mhz_mean,white_excess_1mhz_min,white_excess_1mhz_max,white_average_fidelity_1mhz_mean,white_average_fidelity_1mhz_min,white_average_fidelity_1mhz_max,quasi_static_first_order_0p1mhz_mean,quasi_static_first_order_0p1mhz_min,quasi_static_first_order_0p1mhz_max,quasi_static_excess_0p1mhz_mean,quasi_static_excess_0p1mhz_min,quasi_static_excess_0p1mhz_max,quasi_static_average_fidelity_0p1mhz_mean,quasi_static_average_fidelity_0p1mhz_min,quasi_static_average_fidelity_0p1mhz_max,quasi_static_excess_0p3mhz_mean,quasi_static_excess_0p3mhz_min,quasi_static_excess_0p3mhz_max,quasi_static_average_fidelity_0p3mhz_mean,quasi_static_average_fidelity_0p3mhz_min,quasi_static_average_fidelity_0p3mhz_max,memory_gain_mean,memory_gain_min,memory_gain_max,quasi_static_first_order_ratio_to_none_mean,quasi_static_first_order_ratio_to_none_min,quasi_static_first_order_ratio_to_none_max,runs_above_none_nominal_fidelity,runs_above_none_white_average_fidelity_1mhz,runs_above_none_quasi_static_average_fidelity_0p1mhz,runs_above_none_quasi_static_average_fidelity_0p3mhz
none,70.0,1,0.999385245499656,0.999385245499656,0.999385245499656,0.12562771028198852,0.12562771028198852,0.12562771028198852,0.020853963638680206,0.020853963638680206,0.020853963638680206,0.020352248404597817,0.020352248404597817,0.020352248404597817,0.979155947995127,0.979155947995127,0.979155947995127,0.002573255933764941,0.002573255933764941,0.002573255933764941,0.002635321550484848,0.002635321550484848,0.002635321550484848,0.9968728748492399,0.9968728748492399,0.9968728748492399,0.023325170935758588,0.023325170935758588,0.023325170935758588,0.9761830254639662,0.9761830254639662,0.9761830254639662,12.339409324527791,12.339409324527791,12.339409324527791,1.0,1.0,1.0,,,,
white,70.0,8,0.9973973676326997,0.9966538760751559,0.9982933302321879,0.1555953693783232,0.14336665104680563,0.17703291814138206,0.02085433902237426,0.020850802659628492,0.020858550983277834,0.020332989347921673,0.01996956513184489,0.0206778954074065,0.9775849047582381,0.9766452054527182,0.978392356401681,0.002791917037581324,0.0024619043977643306,0.0032444887123061583,0.002842602884146214,0.002489780100799588,0.003359673255178386,0.9950752912220135,0.9942109019638281,0.9958010699890195,0.025189448216432056,0.022252258914619905,0.02959918564444619,0.9727284458897277,0.9679713895745603,0.9760385911751992,13.38775726315779,11.805702087078656,15.56049791113397,1.0849744873594673,0.9567273761853562,1.2608495990366315,0,0,0,0
quasi_static,70.0,8,0.9965456514328291,0.9898051762371609,0.9987550911430798,0.15740557826247925,0.1340837549431409,0.2226170981181615,0.020856174610154453,0.020851270539529926,0.020863262710806445,0.02058335992271329,0.02020923009547948,0.021025467418873234,0.9766531612235501,0.9708186735708555,0.9787039348611917,0.0020147084007935277,0.0019855574019260703,0.0020564861263924444,0.002027071879415032,0.0019348649142063579,0.0021018730754668313,0.9952094492668482,0.9899092760755224,0.9969379409725387,0.018021175268200948,0.017504160783127887,0.0184044344016967,0.9792153458780624,0.9743399802066008,0.9807918335370724,9.659996264347374,9.522029271371226,9.856972779848357,0.7829413212877742,0.7716128721875688,0.7991766770682587,0,0,1,7
none,100.0,1,0.9997228265840965,0.9997228265840965,0.9997228265840965,0.17025645473578016,0.17025645473578016,0.17025645473578016,0.02979789865195772,0.02979789865195772,0.02979789865195772,0.029048748063379315,0.029048748063379315,0.029048748063379315,0.9707295132038979,0.9707295132038979,0.9707295132038979,0.004434357127313802,0.004434357127313802,0.004434357127313802,0.004522708736961256,0.004522708736961256,0.004522708736961256,0.995255552530316,0.995255552530316,0.995255552530316,0.039548026014931126,0.039548026014931126,0.039548026014931126,0.9602302352523461,0.9602302352523461,0.9602302352523461,14.881442410109225,14.881442410109225,14.881442410109225,1.0,1.0,1.0,,,,
white,100.0,8,0.9962561505686598,0.9937246009236267,0.9989704535903248,0.21184634045948442,0.18740758481049935,0.24449530338240621,0.029796734202457043,0.029794522151772918,0.029801829088209202,0.0288537533042017,0.02858194026096672,0.02924922123327167,0.9681511671507261,0.966273939455537,0.9701396985215552,0.004502169878779973,0.004089614133843226,0.005246868169375808,0.004580788673923392,0.004137448811590172,0.005363875268989293,0.9924241317810045,0.9903555314436495,0.9942423842018171,0.0401525996931712,0.03671619344885935,0.04670199590716784,0.9568523207617567,0.952474366965092,0.9614261138667434,15.109607126251483,13.726060491961517,17.6084120633813,1.0152925778233945,0.9222563759361865,1.1832308537030711,0,0,0,1
quasi_static,100.0,8,0.9941524992081284,0.9912884221612837,0.9965935999112256,0.23902840605683057,0.2036166974028118,0.2999224430591364,0.029798440077490777,0.029791544824776545,0.029806099876992707,0.028968123404686394,0.028284033072021098,0.0296352236176175,0.9663538759618164,0.9634416812304168,0.9684576328075181,0.003383221892710964,0.0032856904527793548,0.0035173858233468686,0.0033976258488614547,0.0032893866798670013,0.003555862906257423,0.9919243735176413,0.9897134731909853,0.9938183388553716,0.029907752038040095,0.02904525674147196,0.031325689436710324,0.9654142473284628,0.9638278992153534,0.9671826328765659,11.35366858249394,11.028206036227335,11.802837296004185,0.7629565674518454,0.7409620737447743,0.7932121212523073,0,0,0,8
none,130.0,1,0.9998428585838317,0.9998428585838317,0.9998428585838317,0.21853886491771327,0.21853886491771327,0.21853886491771327,0.03874045897269232,0.03874045897269232,0.03874045897269232,0.0374480382900767,0.0374480382900767,0.0374480382900767,0.9624262485769887,0.9624262485769887,0.9624262485769887,0.006712714618169047,0.006712714618169047,0.006712714618169047,0.006820008363313312,0.006820008363313312,0.006820008363313312,0.993054278503752,0.993054278503752,0.993054278503752,0.05873304624382525,0.05873304624382525,0.05873304624382525,0.9411412406232401,0.9411412406232401,0.9411412406232401,17.327400852170484,17.327400852170484,17.327400852170484,1.0,1.0,1.0,,,,
white,130.0,8,0.9917680217516454,0.9876707526137307,0.9958959619410174,0.3111306537070667,0.2612859767854943,0.3483656359953925,0.0387374436642917,0.0387331726688421,0.03874635074826638,0.03675337594518682,0.03633338186666024,0.03773246672366959,0.9566610414561294,0.9537914478661282,0.9600027604386833,0.006688296496152187,0.005719671733496217,0.007887193322117625,0.006835651309360508,0.005929006855431407,0.008119559822441502,0.9865787660919557,0.9838074463479831,0.9897634851690149,0.058780186233577794,0.050821488539771864,0.06973176774420753,0.9346342311677385,0.9221952384262171,0.9448710034846745,17.265656289373794,14.765245402453166,20.362484935068306,0.9963624072516403,0.852065380228589,1.1749633003568574,0,0,0,2
quasi_static,130.0,8,0.9836179908913811,0.9664246375838161,0.9922866776026422,0.39291336733199106,0.3074890071485739,0.5617209872722915,0.03873710798193364,0.03872603602426526,0.03874512408322163,0.03648430887022698,0.034615522828371104,0.03805334180399389,0.950410083842878,0.9382488786892275,0.9576295835412839,0.005472302333203778,0.005340411049738922,0.005593968428479609,0.005479507193712693,0.005159425111919691,0.0058533193898672176,0.9814148855193922,0.9676776904919177,0.9882436636136174,0.047584443457510825,0.045844822619220515,0.04955344301156617,0.9393099492555941,0.9254448028160442,0.946157202702645,14.126738116883448,13.787159922655292,14.437864275422584,0.8152145062732307,0.7955665261389537,0.8333392296074421,0,0,0,4
