model,kind,correlation_time_ns,sigma_mhz,num_samples,excess_infidelity,standard_error
none,first_order,0.25,0.2,,0.0008343376882235861,
none,first_order,0.29730177875068026,0.2,,0.0008347995185786828,
none,first_order,0.3535533905932738,0.2,,0.0008360376658487189,
none,first_order,0.42044820762685725,0.2,,0.0008388346932835011,
none,first_order,0.5,0.2,,0.0008443485196822449,
none,first_order,0.5946035575013605,0.2,,0.0008541352953970922,
none,first_order,0.7071067811865475,0.2,,0.0008701876401677694,
none,first_order,0.8408964152537145,0.2,,0.000894988907109001,
none,first_order,1.0,0.2,,0.0009315315716209286,
none,first_order,1.189207115002721,0.2,,0.000983248157401093,
none,first_order,1.4142135623730951,0.2,,0.0010538596139675776,
none,first_order,1.6817928305074292,0.2,,0.0011471997140404982,
none,first_order,1.9999999999999998,0.2,,0.001267074007080916,
none,first_order,2.378414230005442,0.2,,0.0014171654974539393,
none,first_order,2.82842712474619,0.2,,0.0016009500695813971,
none,first_order,3.363585661014858,0.2,,0.0018215634179977928,
none,first_order,4.0,0.2,,0.002081570565339086,
none,first_order,4.756828460010884,0.2,,0.0023826199266636784,
none,first_order,5.656854249492381,0.2,,0.002725008954526685,
none,first_order,6.727171322029717,0.2,,0.003107239748483884,
none,first_order,8.000000000000002,0.2,,0.0035256843013631396,
none,first_order,9.51365692002177,0.2,,0.00397448661939692,
none,first_order,11.313708498984766,0.2,,0.0044457864419049685,
none,first_order,13.45434264405944,0.2,,0.004930264701119564,
none,first_order,15.999999999999993,0.2,,0.0054179179953552795,
none,first_order,19.02731384004353,0.2,,0.005898908575646554,
none,first_order,22.62741699796951,0.2,,0.006364330064272198,
none,first_order,26.908685288118853,0.2,,0.006806771482261799,
none,first_order,31.99999999999999,0.2,,0.0072206279540713856,
none,first_order,38.05462768008706,0.2,,0.0076021683558467066,
none,first_order,45.25483399593903,0.2,,0.007949411243914425,
none,first_order,53.817370576237714,0.2,,0.008261876859701978,
none,first_order,63.999999999999986,0.2,,0.00854028010832223,
none,first_order,76.10925536017413,0.2,,0.008786215618967473,
none,first_order,90.50966799187808,0.2,,0.009001868840096525,
none,first_order,107.63474115247544,0.2,,0.009189771461127545,
none,first_order,127.99999999999999,0.2,,0.009352607507758208,
none,first_order,152.2185107203483,0.2,,0.00949306860559981,
none,first_order,181.01933598375615,0.2,,0.009613752542114612,
none,first_order,215.26948230495094,0.2,,0.009717097437600616,
none,first_order,256.0,0.2,,0.009805343650372562,
none,first_order,304.43702144069664,0.2,,0.009880516265664562,
none,first_order,362.03867196751236,0.2,,0.009944422147465382,
none,first_order,430.53896460990194,0.2,,0.00999865675243522,
none,first_order,512.0000000000001,0.2,,0.010044617041294765,
none,first_order,608.8740428813933,0.2,,0.010083517796045,
none,first_order,724.0773439350248,0.2,,0.010116409438836812,
none,first_order,861.077929219804,0.2,,0.01014419605929405,
none,first_order,1023.9999999999993,0.2,,0.010167652815069275,
none,first_order,1217.7480857627856,0.2,,0.010187442203309987,
none,first_order,1448.1546878700485,0.2,,0.010204128935563933,
none,first_order,1722.1558584396064,0.2,,0.010218193309104937,
none,first_order,2047.9999999999989,0.2,,0.010230043073179497,
none,first_order,2435.4961715255713,0.2,,0.010240023854616604,
none,first_order,2896.309375740097,0.2,,0.010248428245353297,
none,first_order,3444.3117168792132,0.2,,0.010255503673463921,
none,first_order,4096.0,0.2,,0.010261459185629599,
none,monte_carlo,1.0,0.2,8000,0.0009320554112772772,4.2425764547227946e-06
none,monte_carlo,4.0,0.2,8000,0.0020754846549998485,1.1401303715034267e-05
none,monte_carlo,16.0,0.2,8000,0.005423602749656142,3.269938992257861e-05
none,monte_carlo,64.0,0.2,8000,0.00851115142199399,5.816197673458706e-05
none,monte_carlo,256.0,0.2,8000,0.009715883291008698,7.270547696438954e-05
none,monte_carlo,1024.0,0.2,8000,0.010093833970255872,7.660448180850352e-05
none,first_order_white_limit,,0.2,,0.0008341585455472084,
none,first_order_quasi_static_limit,,0.2,,0.010293023735059767,
white,first_order,0.25,0.2,,0.000834384802752969,
white,first_order,0.29730177875068026,0.2,,0.0008348491972595085,
white,first_order,0.3535533905932738,0.2,,0.0008360941353281914,
white,first_order,0.42044820762685725,0.2,,0.0008389060759596908,
white,first_order,0.5,0.2,,0.0008444477272273544,
white,first_order,0.5946035575013605,0.2,,0.0008542795899199343,
white,first_order,0.7071067811865475,0.2,,0.0008703970094180078,
white,first_order,0.8408964152537145,0.2,,0.0008952850045426787,
white,first_order,1.0,0.2,,0.0009319400601938547,
white,first_order,1.189207115002721,0.2,,0.000983806865105295,
white,first_order,1.4142135623730951,0.2,,0.001054633621667357,
white,first_order,1.6817928305074292,0.2,,0.0011483041220805132,
white,first_order,1.9999999999999998,0.2,,0.0012687065158020184,
white,first_order,2.378414230005442,0.2,,0.001419653317756615,
white,first_order,2.82842712474619,0.2,,0.0016048176559689488,
white,first_order,3.363585661014858,0.2,,0.0018276277985612658,
white,first_order,4.0,0.2,,0.002091068214379925,
white,first_order,4.756828460010884,0.2,,0.0023973614979908337,
white,first_order,5.656854249492381,0.2,,0.002747544822049685,
white,first_order,6.727171322029717,0.2,,0.0031410020971841053,
white,first_order,8.000000000000002,0.2,,0.003575056912890495,
white,first_order,9.51365692002177,0.2,,0.004044751252562496,
white,first_order,11.313708498984766,0.2,,0.004542912615014086,
white,first_order,13.45434264405944,0.2,,0.0050605467807377505,
white,first_order,15.999999999999993,0.2,,0.00558750743671363,
white,first_order,19.02731384004353,0.2,,0.006113321643258833,
white,first_order,22.62741699796951,0.2,,0.006628018693300612,
white,first_order,26.908685288118853,0.2,,0.007122825692644579,
white,first_order,31.99999999999999,0.2,,0.007590642581402067,
white,first_order,38.05462768008706,0.2,,0.008026269457379,
white,first_order,45.25483399593903,0.2,,0.008426409866227143,
white,first_order,53.817370576237714,0.2,,0.00878950461753153,
white,first_order,63.999999999999986,0.2,,0.00911546084262272,
white,first_order,76.10925536017413,0.2,,0.009405335702117677,
white,first_order,90.50966799187808,0.2,,0.009661020511242681,
white,first_order,107.63474115247544,0.2,,0.009884955175489263,
white,first_order,127.99999999999999,0.2,,0.0100798886171211,
white,first_order,152.2185107203483,0.2,,0.010248690096119539,
white,first_order,181.01933598375615,0.2,,0.010394209255268298,
white,first_order,215.26948230495094,0.2,,0.010519178801331876,
white,first_order,256.0,0.2,,0.0106261521344854,
white,first_order,304.43702144069664,0.2,,0.010717468138132468,
white,first_order,362.03867196751236,0.2,,0.010795236083105345,
white,first_order,430.53896460990194,0.2,,0.010861334718746472,
white,first_order,512.0000000000001,0.2,,0.010917420824021798,
white,first_order,608.8740428813933,0.2,,0.010964943609744808,
white,first_order,724.0773439350248,0.2,,0.011005162321589587,
white,first_order,861.077929219804,0.2,,0.011039165170794523,
white,first_order,1023.9999999999993,0.2,,0.011067888323513141,
white,first_order,1217.7480857627856,0.2,,0.011092134133135919,
white,first_order,1448.1546878700485,0.2,,0.01111258812969189,
white,first_order,1722.1558584396064,0.2,,0.011129834513081,
white,first_order,2047.9999999999989,0.2,,0.011144370055656,
white,first_order,2435.4961715255713,0.2,,0.011156616423803462,
white,first_order,2896.309375740097,0.2,,0.011166930992903345,
white,first_order,3444.3117168792132,0.2,,0.01117561626705844,
white,first_order,4096.0,0.2,,0.01118292803300996,
white,monte_carlo,1.0,0.2,8000,0.0009207865565045159,9.766616806569127e-06
white,monte_carlo,4.0,0.2,8000,0.002084266230510279,1.9287987157518685e-05
white,monte_carlo,16.0,0.2,8000,0.0055599257832301685,4.344020886697643e-05
white,monte_carlo,64.0,0.2,8000,0.009029629946517126,7.3395510376583e-05
white,monte_carlo,256.0,0.2,8000,0.01044073434028936,8.925208746089621e-05
white,monte_carlo,1024.0,0.2,8000,0.010961166545655598,9.484502147067659e-05
white,first_order_white_limit,,0.2,,0.0008342046607979193,
white,first_order_quasi_static_limit,,0.2,,0.011221699398933239,
quasi_static,first_order,0.25,0.2,,0.0008343993455680213,
quasi_static,first_order,0.29730177875068026,0.2,,0.0008348538859764982,
quasi_static,first_order,0.3535533905932738,0.2,,0.0008360727204063149,
quasi_static,first_order,0.42044820762685725,0.2,,0.000838827301631153,
quasi_static,first_order,0.5,0.2,,0.0008442618038270968,
quasi_static,first_order,0.5946035575013605,0.2,,0.0008539196625628581,
quasi_static,first_order,0.7071067811865475,0.2,,0.0008697850313482899,
quasi_static,first_order,0.8408964152537145,0.2,,0.0008943353261253996,
quasi_static,first_order,1.0,0.2,,0.0009305498674541065,
quasi_static,first_order,1.189207115002721,0.2,,0.0009818240822594972,
quasi_static,first_order,1.4142135623730951,0.2,,0.0010517975137908444,
quasi_static,first_order,1.6817928305074292,0.2,,0.0011441549734728974,
quasi_static,first_order,1.9999999999999998,0.2,,0.0012624553393023965,
quasi_static,first_order,2.378414230005442,0.2,,0.0014099937193690244,
quasi_static,first_order,2.82842712474619,0.2,,0.001589655495623157,
quasi_static,first_order,3.363585661014858,0.2,,0.0018037058024782473,
quasi_static,first_order,4.0,0.2,,0.0020534783234196106,
quasi_static,first_order,4.756828460010884,0.2,,0.0023389736314051394,
quasi_static,first_order,5.656854249492381,0.2,,0.002658437662891258,
quasi_static,first_order,6.727171322029717,0.2,,0.003008045866307573,
quasi_static,first_order,8.000000000000002,0.2,,0.0033818379267611808,
quasi_static,first_order,9.51365692002177,0.2,,0.003772004862897592,
quasi_static,first_order,11.313708498984766,0.2,,0.004169527396850745,
quasi_static,first_order,13.45434264405944,0.2,,0.004565045148496184,
quasi_static,first_order,15.999999999999993,0.2,,0.004949760482960115,
quasi_static,first_order,19.02731384004353,0.2,,0.005316183818348497,
quasi_static,first_order,22.62741699796951,0.2,,0.005658597616959658,
quasi_static,first_order,26.908685288118853,0.2,,0.005973211458988231,
quasi_static,first_order,31.99999999999999,0.2,,0.006258058182168583,
quasi_static,first_order,38.05462768008706,0.2,,0.006512720263021707,
quasi_static,first_order,45.25483399593903,0.2,,0.006737978393371416,
quasi_static,first_order,53.817370576237714,0.2,,0.006935454622964668,
quasi_static,first_order,63.999999999999986,0.2,,0.007107295478592552,
quasi_static,first_order,76.10925536017413,0.2,,0.007255916175942561,
quasi_static,first_order,90.50966799187808,0.2,,0.0073838097154589185,
quasi_static,first_order,107.63474115247544,0.2,,0.007493414590042785,
quasi_static,first_order,127.99999999999999,0.2,,0.007587030419089852,
quasi_static,first_order,152.2185107203483,0.2,,0.007666770035475322,
quasi_static,first_order,181.01933598375615,0.2,,0.007734537691303891,
quasi_static,first_order,215.26948230495094,0.2,,0.007792024955245178,
quasi_static,first_order,256.0,0.2,,0.007840717876086166,
quasi_static,first_order,304.43702144069664,0.2,,0.007881910758102597,
quasi_static,first_order,362.03867196751236,0.2,,0.00791672332063377,
quasi_static,first_order,430.53896460990194,0.2,,0.00794611909578974,
quasi_static,first_order,512.0000000000001,0.2,,0.007970923702535245,
quasi_static,first_order,608.8740428813933,0.2,,0.007991842184358085,
quasi_static,first_order,724.0773439350248,0.2,,0.008009474970072199,
quasi_static,first_order,861.077929219804,0.2,,0.008024332262039404,
quasi_static,first_order,1023.9999999999993,0.2,,0.008036846811276624,
quasi_static,first_order,1217.7480857627856,0.2,,0.008047385132771322,
quasi_static,first_order,1448.1546878700485,0.2,,0.008056257267124856,
quasi_static,first_order,1722.1558584396064,0.2,,0.008063725220595511,
quasi_static,first_order,2047.9999999999989,0.2,,0.008070010224496915,
quasi_static,first_order,2435.4961715255713,0.2,,0.008075298953336193,
quasi_static,first_order,2896.309375740097,0.2,,0.008079748833450839,
quasi_static,first_order,3444.3117168792132,0.2,,0.008083492563098729,
quasi_static,first_order,4096.0,0.2,,0.008086641952809956,
quasi_static,monte_carlo,1.0,0.2,8000,0.0009262463253388864,6.908379409327401e-06
quasi_static,monte_carlo,4.0,0.2,8000,0.0020645166897160783,1.4575746999536963e-05
quasi_static,monte_carlo,16.0,0.2,8000,0.0049057282575452055,3.240371382050407e-05
quasi_static,monte_carlo,64.0,0.2,8000,0.007044260193356244,5.107935946040362e-05
quasi_static,monte_carlo,256.0,0.2,8000,0.007741956845309317,6.250478942570213e-05
quasi_static,monte_carlo,1024.0,0.2,8000,0.007954275652113374,6.582912416637553e-05
quasi_static,first_order_white_limit,,0.2,,0.0008342230435089231,
quasi_static,first_order_quasi_static_limit,,0.2,,0.008103306850753434,
