frequency_mhz,normalized_filter_function_none,normalized_filter_function_white,normalized_filter_function_quasi_static
0.1,12.338816683850911,13.45112093511238,9.713466339791434
0.10332783318740214,12.338776584164524,13.451063215914811,9.713457465920749
0.10676641111203602,12.33873377128295,13.451001591474098,9.713447991526026
0.11031941917402056,12.338688061636331,13.450935797583934,9.713437875961928
0.11399066541744289,12.338639259235801,13.450865552166071,9.71342707583135
0.11778408461174512,12.33858715483377,13.450790554061845,9.713415544798844
0.12170374246893259,12.33853152502697,13.45071048174196,9.713403233391732
0.12575384000112416,12.338472131299095,13.450624991929102,9.713390088787397
0.12993871802311416,12.338408718998574,13.450533718127486,9.713376054586364
0.13426286180477223,12.338341016247327,13.450436269053027,9.713361070569869
0.1387309058782673,12.338268732775957,13.450332226957688,9.713345072440996
0.1433476390052679,12.338191558679735,13.45022114584021,9.71332799154821
0.14811800930944263,12.338109163090849,13.45010254953643,9.713309754590268
0.15304712957976163,12.338021192761067,13.449975929680509,9.713290283300799
0.15814028275028333,12.33792727054811,13.449840743528409,9.713269494111755
0.16340292756229885,12.337826993800123,13.449696411634468,9.71324729779381
0.1688407044149037,12.33771993263102,13.449542315371314,9.713223599072295
0.1744594414102664,12.337605628079165,13.44937779428217,9.71319829621714
0.18026516060007364,12.337483590141645,13.449202143254833,9.713171280604866
0.18626408443984666,12.337353295675989,13.4490146095045,9.713142436250694
0.19246264245804662,12.33721418615985,13.448814389353696,9.713111639308847
0.19886747814711667,12.337065665299777,13.44860062479472,9.71307875753895
0.20548545608384605,12.336907096478333,13.448372399820256,9.71304364973583
0.21232366928668897,12.33673780002889,13.448128736506971,9.713006165120623
0.2193894468179213,12.33655705032652,13.447868590835123,9.712966142690272
0.22669036163878611,12.336364072682489,13.447590848226408,9.712923410522752
0.23423423872604357,12.336158040029488,13.447294318781504,9.712877785034529
0.24202916345862757,12.33593806938294,13.446977732196931,9.712829070187853
0.25008349028339555,12.335703218063717,13.446639732339975,9.712777056643269
0.25840585166926,12.33545247966645,13.446278871458416,9.712721520854506
0.26700516735929886,12.335184779755549,13.445893604001132,9.71266222410129
0.2758906539307601,12.334898971271668,13.445482280023164,9.712598911456029
0.2850718346732088,12.334593829628206,13.44504313814802,9.712531310679259
0.2945585497953999,12.334268047477975,13.444574298056923,9.712459131039799
0.3043609669718218,12.333920229127125,13.44407375247446,9.712382062053434
0.3144895922402081,12.333548884573256,13.443539358616178,9.712299772135246
0.3249552812617034,12.333152423142057,13.44296882906316,9.712211907158741
0.33576925095574633,12.332729146696417,13.44235972202517,9.712118088916027
0.34694309152214325,12.33227724238842,13.441709430951613,9.712017913471644
0.3584887788632161,12.331794774924573,13.44101517344802,9.711910949402686
0.37041868741933887,12.331279678311066,13.44027397945082,9.711796735917055
0.382745603431619,12.330729747045252,13.439482678613041,9.711674780841571
0.3954827386459391,12.330142626715558,13.438637886847532,9.711544558470289
0.4086437444730455,12.329515803971043,13.437735991973348,9.711405507263526
0.4222427266198623,12.32884659581883,13.43677313840595,9.711257027386347
0.4362942602077098,12.328132138204166,13.435745210828927,9.71109847807594
0.45081340539363257,12.32736937382636,13.43464781678046,9.71092917482432
0.4658157235115796,12.326555039139661,13.433476268084178,9.7107483863644
0.48131729375073534,12.32568565048498,13.432225561048984,9.710555331444384
0.49733473038887815,12.324757489295795,13.430890355358432,9.71034917537501
0.5138852005992361,12.32376658631683,13.429464951565105,9.7101290263339
0.5309864428499257,12.322708704770507,13.427943267099664,9.709893931408052
0.5486567859156917,12.321579322402911,13.426318810700085,9.709642872356696
0.5669151685223279,12.320373612335176,13.424584655159883,9.709374761071908
0.5857811596448307,12.31908642264266,13.422733408288199,9.709088434716666
0.6052749794810405,12.31771225457948,13.420757181969076,9.708782650514223
0.625417521123252,12.316245239359665,13.418647559199568,9.70845608016432
0.6462303729510194,12.314679113402288,13.416395558980701,9.708107303856897
0.667735841769156,12.313007191941166,13.413991598927097,9.707734803852851
0.689956976715729,12.311222340893863,13.411425455454054,9.707336957599502
0.7129175939656717,12.309316946879012,13.408686221393157,9.706912030343863
0.7366423022564901,12.307282885263024,13.405762260879717,9.706458167205605
0.7611565292634247,12.3051114861121,13.40264116134604,9.705973384666962
0.7864865488523312,12.302793497916293,13.399309682447724,9.705455561434338
0.8126595092394928,12.300319048945374,13.395753701739682,9.704902428621109
0.839703462088544,12.29767760608973,13.391958156911064,9.704311559198102
0.8676473925756912,12.294857931027986,13.387906984378299,9.70368035665232
0.8965212504554544,12.291848033557596,13.383583054027001,9.703006042790236
0.9263559821602236,12.288635121913956,13.37896809988411,9.702285644614895
0.9571835639680368,12.285205549894327,13.37404264649313,9.701515980201282
0.9890370362741238,12.2815447605943,13.368785930754703,9.700693643486078
1.0219505390029522,12.277637226552987,13.36317581898923,9.69981498788091
1.0559593481987277,12.273466386095484,13.357188718967427,9.698876108609062
1.0910999138335602,12.269014575648452,13.350799486648105,9.697872823657427
1.1274098988738297,12.264262957795866,13.343981327356483,9.696800653223258
1.1649282196466102,12.25919144483149,13.336705691129126,9.69565479752546
1.2036950875494226,12.253778617553646,13.328942161948309,9.694430112836653
1.2437520521480219,12.248001639038439,13.320658340585526,9.693121085577767
1.2851420457083986,12.241836163117085,13.311819720771728,9.691721804303043
1.3279094292107416,12.2352562372743,13.30238955841516,9.690225929383635
1.3721000398946588,12.228234199674924,13.292328733589814,9.688626660181255
1.4177612403866315,12.22074057001883,13.281595605026087,9.686916699480916
1.4649419694623416,12.212743933917071,13.270145856846414,9.685088214928715
1.5136927944982923,12.204210820475861,13.257932337304112,9.68313279719473
1.5640659656689218,12.195105572772519,13.244904889305243,9.681041414552844
1.6161154719473134,12.185390210904615,13.231010172520886,9.678804363536718
1.6698970989695172,12.175024287294669,13.216191476932538,9.676411215296994
1.7254684888244898,12.1639647339377,13.20038852769559,9.67385075724498
1.7828892018337579,12.152165701284252,13.18353728126002,9.671110929526352
1.84222078038699,12.139578388466541,13.16556971275166,9.668178755819353
1.9035268149019275,12.126150864590427,13.146413594693266,9.665040267901464
1.9668730119793323,12.111827880840448,13.125992267238177,9.66168042336872
2.032327264826037,12.096550673175399,13.104224400196523,9.658083015830416
2.0999597260215404,12.080256755432309,13.081023747261883,9.654230576830052
2.1698428827061638,12.062879702704432,13.056298892994652,9.650104268668025
2.2420516342713435,12.04434892492034,13.029952993292376,9.645683767216845
2.3166633726353165,12.02458943062544,13.001883510277008,9.640947133727806
2.393758065190265,12.003521581055889,12.971981942759216,9.635870674528165
2.473418340509781,11.98106083470313,12.940133553706913,9.630428787398916
2.5557295769085573,11.957117482693237,12.906217096446635,9.624593793305648
2.640779993949172,11.93159637545831,12.870104541672141,9.618335752027713
2.7286607469940893,11.904396641352896,12.8316608077277,9.611622260095336
2.8194660249041745,11.875411398077905,12.79074349707635,9.604418229299336
2.9132931509884625,11.844527458016985,12.74720264236356,9.596685643883408
3.010242687313371,11.811625028872673,12.700880466048316,9.588383294369681
3.1104185424831305,11.776577411317701,12.651611158201941,9.579466485799577
3.2139280830069947,11.739250695752917,12.599220677773664,9.569886718000605
3.3208822483725378,11.699503460699715,12.543526583398876,9.559591335318157
3.4313956699484263,11.657186475852088,12.484337900681673,9.548523143079137
3.545586793844049,11.612142413384255,12.421455033824937,9.536619987893378
3.6635780078577396,11.564205571759693,12.354669730509952,9.523814298748674
3.7854957726495964,11.513201617025796,12.283765110042772,9.510032585729675
3.9114707572795337,11.458947347416089,12.208515765990786,9.495194893097075
4.041637979255813,11.401250488025877,12.128687955821036,9.479214203417127
4.176136949244135,11.339909523392212,12.044039891420836,9.461995789446581
4.315111820592446,11.27471357699941,11.954322145815697,9.443436510576763
4.458711543831633,11.205442348063325,11.859278192890724,9.42342405084662
4.607090026317794,11.131866117427593,11.758645098439406,9.401836095877657
4.76040629718709,11.053745836039969,11.652154382388938,9.378539446599964
4.918824677800064,10.97083331127874,11.539533073536196,9.3533890683706
5.082514957858022,10.882871508366353,11.420504979531996,9.326227075083304
5.251652577380298,10.789594986243603,11.294792196107961,9.29688164919313
5.426418814737421,10.690730489576202,11.16211688057525,9.265165900296385
5.6070009809416845,10.585997721014774,11.022203315344898,9.2308766670995
5.793592620403427,10.475110320407186,10.874780287516003,9.193793270365845
5.986393718368092,10.357777080334499,10.719583810314385,9.15367622785425
6.185610915256504,10.23370343005947,10.556360211189993,9.110265946466445
6.3914577281379765,10.102593222671452,10.384869609515318,9.063281411931179
6.604154779573733,9.9641508627883,10.204889803865182,9.012418902499544
6.823930034075794,9.818083814512976,10.01622058457484,8.957350760455121
7.051019042434868,9.664105531281656,9.818688481415798,8.897724263885465
7.285665194179062,9.501938850576499,9.612151948530814,8.833160651262288
7.528119978433957,9.331319896959192,9.396506978947365,8.763254363048848
7.778643253463735,9.152002536197626,9.17169312876441,8.687572577885682
8.037503525182116,8.963763421029748,8.937699916207613,8.605655135943696
8.304978234931745,8.766407664880662,8.694573542937214,8.517014958742756
8.581354056840325,8.55977517308967,8.442423864096027,8.421139092986087
8.86692720507234,8.343747651293413,8.181431509509107,8.317490525482315
9.162003751305528,8.118256296850792,7.911855031248684,8.205510936561394
9.4668999527725,7.88329016081058,7.634037922679227,8.084624579840158
9.781942591219023,7.638905144082283,7.348415321578548,7.954243495751021
10.107469323142238,7.385233561320897,7.055520175764091,7.813774283533086
10.443829041684246,7.1224941687460595,6.755988614999582,7.662626669553985
10.791382250568962,6.851002506952126,6.4505642394155895,7.500224116503144
11.150501450482821,6.5711813561969095,6.1401010043653415,7.326016715166483
11.521571538313749,6.283571039478357,5.825564357227152,7.139496584474748
11.904990219676023,5.988839238237099,5.508030266412277,6.940215971897492
12.301168435163383,5.687789907785733,5.18868178054764,6.727808189907742
12.710530800786989,5.381370796591575,4.8688027707377595,6.502011439408459
13.133516063070553,5.070678988617374,4.549768545499299,6.262695451490585
13.57057756929021,4.75696380595149,4.233033090891109,6.009890718375162
14.022183753363189,4.44162633671416,3.9201127815170738,5.743819877007828
14.488818637906123,4.126214799647381,3.6125665343203766,5.464930549863383
14.970982353000872,3.812414933098261,3.3119725373456195,5.173928634744468
15.469191672224158,3.5020346157125153,3.0199018779609355,4.871810670142221
15.983980566515267,3.196982004308396,2.737889613482408,4.559893492082941
16.515900776475675,2.8992366273013017,2.4674040607672594,4.239838957120743
17.065522403713643,2.6108131154136918,2.2098153132389795,3.9136710593313446
17.63343452186798,2.3337175982804412,1.9663642006648916,3.5837823547722643
18.22024580796553,2.0698972533377313,1.7381330594185826,3.2529262781069845
18.82658519478924,1.8211840600085005,1.5260197449522,2.9241917630549836
19.45310254495598,1.5892344717996696,1.3307162584653993,2.6009566482188995
20.100469347426397,1.3754674373044526,1.1526931449787141,2.2868167646030013
20.769379437193653,1.1810039218756057,0.992190430614515,1.985488471404718
21.460549738922044,1.0066117243576453,0.8492153049325267,1.7006838404385587
22.174721035332837,0.8526598444876937,0.7235460547100553,1.4359597742325712
22.912658761160493,0.7190868171979689,0.6147409974775978,1.194545119412693
23.6751538235306,0.605387168720732,0.5221504763362204,0.979153266206108
24.463023449638566,0.5106193644954463,0.4449295420137005,0.7917916468306759
25.277112062637585,0.4334372580591959,0.38204897854432385,0.6335836367757519
26.118292186674875,0.3721451442833344,0.33230303962856333,0.5046220994976869
26.987465382045706,0.32477421531665573,0.2943138070788836,0.40387645395042315
27.885563211468096,0.2891757922582701,0.26653446833786376,0.32917574305326797
28.81354823851331,0.26312456175554577,0.247256797727273,0.2772876772155213
29.772415059262684,0.2444236556650256,0.23463113640933492,0.24410700295739032
30.76319136829595,0.23100320714173952,0.2267092333350239,0.22495509830906368
31.78693906015414,0.22100523745356299,0.22152014111862636,0.21497640486978326
32.84475536745725,0.21285024400974595,0.21718556734705782,0.20959727711606282
33.93777403689651,0.2052840395624921,0.212072628338894,0.20499171170418892
35.06716654436191,0.1974061096106168,0.20496882697788746,0.19848063819624215
36.23414335050677,0.18868164276980814,0.19524806396263938,0.18878302199922198
37.43995519809581,0.1789373988607826,0.18298178094088158,0.17604467095050608
38.685894452526504,0.1683367883481424,0.16894250657875134,0.1615999719771052
39.973296486961054,0.15732392797629588,0.15445593018234421,0.14747459893713186
41.30354111355281,0.14652413790895083,0.1410883926435088,0.1357082191839449
42.67805406230192,0.13659465075925137,0.1302097183108458,0.127650293375332
44.098308509124635,0.12803801129285186,0.12253636810850163,0.12343403006223447
45.56582665477423,0.12101999449991366,0.11781346174884091,0.12183248172365362
47.082181356305945,0.1152627651791557,0.1148025543071647,0.12062063935393202
48.64899781283397,0.11009182682650154,0.11167328423220511,0.1174036659536541
50.267955307388014,0.10467913770900737,0.10674243816313923,0.1106586410663111
51.940789006735706,0.09843552026440723,0.09930184808498059,0.10055720599850822
53.669291821100394,0.09138797436148753,0.09012243686202824,0.08910314955587237
55.45531632576669,0.08430006598941968,0.08124442650381657,0.07932856379635399
57.3007767466344,0.07834699972327626,0.07495333398203827,0.07374540686153987
59.20765101184812,0.07439139779881443,0.07234693284331749,0.07278037720813056
61.177982871701595,0.07224640797237258,0.07235976484046572,0.07420097682808567
63.21388408908929,0.07052353816760706,0.0721259638122859,0.07422206478788204
65.31753670285194,0.06744989582952923,0.06884652279268445,0.06998386076719379
67.49119536644304,0.06232200123395054,0.062098048788284725,0.061874926387426414
69.73718976442188,0.05645274909480286,0.05465748769510341,0.05370753437228204
72.05792710936394,0.052409142038996576,0.0505313811301607,0.04991517467531566
74.45589472186342,0.05162520853082228,0.05120338989130364,0.05149306441141814
76.9336626963948,0.05244287558289378,0.05352046183593831,0.054396132163131765
79.49388665588947,0.051175475647903215,0.0522401495874557,0.05293178358239249
82.13931059797993,0.04615837734755731,0.04583759056393186,0.045899997991532764
84.87276983596284,0.04056369536598665,0.03926141628077008,0.038881869013756405
87.69719403763148,0.039346554389774156,0.038719189659086654,0.038378784872098455
90.61561036523625,0.042361713687640454,0.04307934430112363,0.043102378808735846
93.63114671993752,0.043047689884862364,0.04385540664958822,0.044236223466903105
96.7470350942288,0.03743261506336379,0.03708465241304615,0.03744923945958458
99.96661503592217,0.031929683889146826,0.031181964261628704,0.030974794767039814
103.29333722741015,0.03458658116713585,0.03484765453921248,0.034110338526927145
106.73076718403914,0.03976433886086165,0.04052490511393898,0.040304239722793074
110.28258907555842,0.035539143618043646,0.03541038488747668,0.03617194733637363
113.95260967474121,0.027829076879288372,0.027411785255519433,0.027552113423928222
117.74476243740808,0.03256224216676524,0.033088281579981144,0.031689945602090264
121.663111718228,0.04026474384543659,0.040708486811705746,0.04030989595598937
125.71185712681323,0.031799809951081635,0.03143070585069153,0.032826308619925394
129.89533802877892,0.0268212342554011,0.027229386459427143,0.026230889617891204
134.21803819658885,0.042022212399092984,0.042696928418475194,0.040302008665438586
138.68459061517504,0.04018680896683402,0.03964264553654115,0.04143645750819459
143.29978244747966,0.026771684291374116,0.02738454727258428,0.027062709277704947
148.06856016524182,0.05029418059695923,0.05107025582881596,0.04622722601659232
152.9960348505293,0.05215924335720837,0.050727516788936874,0.05380395114229954
158.08748767369457,0.033240667843234005,0.034956294307578774,0.03259583547074618
163.3483755536301,0.08685800547029561,0.08641221398127213,0.0768632531502432
168.78433700638595,0.06952184856927157,0.06591827195068924,0.0741025565856325
174.40119818842118,0.08630668112605173,0.09312086681447843,0.07039675664559075
180.20497914096248,0.230114204683153,0.22282650414995547,0.21709312235346137
186.20190024216657,0.09811526239802425,0.12875967169281566,0.10507732339023705
192.39838887399884,1.21456566929856,1.373857907047027,0.88904153427546
198.80108631097465,3.8366217137861653,3.9799617353313237,3.290355419892532
205.4168548381473,3.9576985615279803,3.986939462938453,3.812918707482502
212.25278510596888,2.2844881914459183,2.1917899939965624,2.5569913665295183
219.3162037299107,1.182468505964537,1.006107436474151,1.6610792753057813
226.61468114298498,0.187525571426695,0.13705364276484697,0.3920397545701847
234.15603970958682,0.11012630861817442,0.10954667863269188,0.0917628634583214
241.94836210934906,0.0458462580547089,0.04660534337910219,0.05422003589347737
250.0,0.09755495462014796,0.09335657571011967,0.09512261790276091
