seed,sigma_mhz,nominal_fidelity_q1,nominal_fidelity_median,nominal_fidelity_q3,nominal_fidelity_mean,nominal_variance_q1,nominal_variance_median,nominal_variance_q3,noise_fidelity_q1,noise_fidelity_median,noise_fidelity_q3,noise_fidelity_mean,noise_variance_q1,noise_variance_median,noise_variance_q3,frac_noise_higher_fidelity,frac_noise_lower_variance,median_infidelity_ratio_nominal_over_noise,mean_fidelity_difference_noise_minus_nominal,difference_ci95_low,difference_ci95_high,n_iterations
1,0.1,0.987066042385905,0.9882830117267815,0.9890895178827522,0.9879010990481365,1.8738830275491921e-06,2.037677664706163e-06,2.2701247935411534e-06,0.9868622161059163,0.9875834735643676,0.9881358830128648,0.9874419677989936,2.0809584910094787e-06,2.2574027225154743e-06,2.443065566663842e-06,0.325,0.325,0.9436607197640712,-0.00045913124914322286,-0.0007678451943278701,-0.00010995695985456383,80
1,0.25,0.985545156865441,0.9867135109113601,0.9875715105584296,0.9863723639479052,1.17582312691402e-05,1.2790036506762502e-05,1.3922275615610274e-05,0.9853691177358563,0.9860784734327281,0.9866124131062869,0.9859019835237884,1.3761045107402194e-05,1.4766786483814065e-05,1.5667507741332025e-05,0.3,0.2125,0.954384494001913,-0.00047038042411685075,-0.0007539962517578226,-0.00019584726850503694,80
1,0.5,0.9791427593762563,0.9803424760147634,0.981395982598121,0.9800506397765731,5.486526953248982e-05,6.049565097147613e-05,6.921409028638162e-05,0.9787815954650491,0.9794911250619545,0.9800346257644221,0.9792296463004437,6.290080544047618e-05,6.937370954764604e-05,7.44313542748499e-05,0.2875,0.2625,0.9584886564777089,-0.0008209934761294321,-0.0012374019185638712,-0.0004460771486477293,80
1,0.75,0.9714776389103428,0.9728625622715373,0.9742780319643014,0.9725137662150637,0.00013588891495850948,0.0001427512614348988,0.00015794573777428957,0.9707640737739055,0.9715364065101604,0.9725201745980198,0.9713173669286345,0.0001488008909206307,0.00015725015555549852,0.0001729066823478263,0.325,0.275,0.9534087021777384,-0.0011963992864290132,-0.0020073101204560683,-0.0004012096256088048,80
1,1.0,0.9580404287862008,0.9593888748851872,0.9610099140175217,0.9590875887943214,0.0002951051846635933,0.0003329539052440039,0.0003572763099424928,0.9571660826891402,0.9579827405625388,0.95900784390355,0.9575308800817759,0.00035866369410971497,0.0003768782869415532,0.0004017126787506225,0.2625,0.175,0.9665343637002014,-0.0015567087125456236,-0.0028619487167201364,-0.0003039707072924502,80
1,1.25,0.9430346601693373,0.944732266689073,0.9465365249786484,0.94444174186136,0.0005801149474156933,0.0006400606334045203,0.0007425916550347854,0.9420392128101109,0.9428640431081643,0.9440573469100291,0.9421045260941263,0.0007092351586584598,0.0007547204114081703,0.000837792259225073,0.275,0.225,0.967302138923736,-0.0023372157672339176,-0.00451323610722614,-0.0003809245078583434,80
1,1.5,0.9238930809121861,0.9260215145055969,0.9290596618764664,0.9260412784158085,0.001228228188331639,0.0012718122036208027,0.0013474120675767993,0.9225258502119119,0.9239090741134262,0.925045738547494,0.9227940642575441,0.001287822758601442,0.0013400852397437715,0.0016159780728774139,0.275,0.3,0.9722379460158019,-0.0032472141582645083,-0.00628457899392606,-0.0005423906316707742,80
1,2.0,0.8815752070938967,0.8849956532807781,0.8870505577931415,0.8837486127234356,0.0026086335763667455,0.002961129572149372,0.0030804534459500073,0.8771582544184493,0.8815962421747099,0.8841610810172502,0.879154058708121,0.0029366796829683193,0.0030323591012593135,0.003103352508798417,0.3,0.425,0.9712896687697682,-0.004594554015314724,-0.009077566560794727,-0.0004414113532889409,80
1,2.5,0.8285714886987813,0.8323449197059697,0.8362856461774113,0.8317720659347042,0.004745257577128695,0.004940930536950071,0.005143659021558397,0.8218459722849573,0.8282742087325854,0.8317025529349243,0.8249722466523106,0.004962043583175035,0.005165795217240042,0.005556395491984743,0.2875,0.275,0.9762952848064316,-0.00679981928239384,-0.013127813528417279,-0.0010975731279415032,80
1,3.0,0.7686256964710901,0.7760012945032025,0.7782228769676558,0.7721816675002351,0.008626250790286857,0.009429167032707134,0.00998895587040595,0.7610029313469298,0.7693420561470108,0.7709326828410431,0.7638710771907956,0.009614552964633245,0.00986696689660775,0.010425188902304983,0.3375,0.3625,0.9711293777922687,-0.008310590309439451,-0.016331779606812858,-0.0011197700447063987,80
1,3.5,0.7034161707185059,0.7142582020064634,0.7187278538582145,0.7100803576373502,0.010454150293824415,0.01069505348506631,0.012717782536711884,0.6953260659568381,0.7035860839001509,0.7048525618225251,0.6986306544540083,0.01205617764391441,0.012263356528065594,0.013081953866655092,0.3,0.2875,0.9639958938273413,-0.01144970318334201,-0.021521585685356632,-0.0020379581157028443,80
2,0.1,0.9869346445660965,0.9878379527979761,0.9886906056021246,0.9877273296325264,2.016727604673199e-06,2.2661013834373907e-06,2.5937435262016844e-06,0.9867794523377498,0.9878684221425327,0.9891505587216709,0.9877856226754297,2.0164585461384288e-06,2.3884751090381587e-06,2.5902576422628185e-06,0.55,0.475,1.0025115730957999,5.829304290321385e-05,-0.0009403396454433181,0.0010181957613907367,80
2,0.25,0.985282625936647,0.9863746738059496,0.9871877686922599,0.986165477293899,1.2776485395614667e-05,1.4232793159713266e-05,1.5434365984533893e-05,0.9853414839187886,0.9863088277161963,0.9876352413209232,0.9861405901093822,1.307727627749225e-05,1.4765115601535087e-05,1.6975377278221887e-05,0.5375,0.475,0.9951906171079934,-2.4887184516890483e-05,-0.0010433614768918609,0.0008926383403916202,80
2,0.5,0.9785544276574728,0.9795026815065395,0.9805055188616107,0.9794081565864815,5.9730462797490196e-05,6.683155711340093e-05,7.330656578702072e-05,0.9782594258572729,0.9794415857784898,0.9806764901016511,0.979080545216543,5.8375105603275354e-05,6.594310720306938e-05,7.695169730030242e-05,0.5125,0.5,0.9970281886826748,-0.00032761136993852134,-0.0014214927977222107,0.0005411012259131696,80
2,0.75,0.9701703348039518,0.9717602492214433,0.9729343597800129,0.9713095556654363,0.00014051778626293963,0.00015934440938341563,0.00017701626340204508,0.9696174872977666,0.9704763852033306,0.9719627923768929,0.9701346123318636,0.00014993062108288244,0.0001680036491338685,0.00018435815041027205,0.3,0.3375,0.9565139964413304,-0.0011749433335726922,-0.0023288488714616994,-0.0003772788020042869,80
2,1.0,0.9563142695214736,0.9578030132226316,0.9597217933000128,0.9572940385963721,0.0003402432405516648,0.0003705307609537309,0.0004182303860225153,0.9550866752363264,0.9562616597106495,0.9581974867638459,0.9556390600006314,0.0003817015949181818,0.00041343750724686306,0.00044547265713341797,0.275,0.25,0.9647596707651594,-0.0016549785957408899,-0.003077973744226588,-0.0005976994550126523,80
2,1.25,0.9411782627897172,0.9428688476669068,0.9446469513985069,0.9414783786260452,0.0006716647012008834,0.0007594951007247575,0.0008552598554821293,0.9389999489716807,0.9413854151647458,0.943381253122492,0.9393536076147356,0.0007312466886748423,0.0007945928605209826,0.0008796728350008415,0.3125,0.4125,0.9746917511003377,-0.0021247710113097298,-0.004316196788574187,-0.00035605031509568854,80
2,1.5,0.9210589420927383,0.9236009968822075,0.9262865877424457,0.9213755897178434,0.0012858136097235143,0.0013849961591532838,0.0015426905582651773,0.9182285115796153,0.9209556358833297,0.9229009770723802,0.9180652899351136,0.001439462809307197,0.0015154014679880153,0.0016194228363538088,0.2625,0.2875,0.9665332117167358,-0.0033102997827297435,-0.006126411173678308,-0.0008035433761994913,80
2,2.0,0.8753646666916215,0.8814921555904849,0.8855467583898718,0.8772485494494777,0.0028953245498244905,0.0030671008899314034,0.003317662791010388,0.8701835483829266,0.8747869166266853,0.8785034304480254,0.870912278144386,0.0030623802746571373,0.0033737661684093163,0.003701517378663385,0.175,0.2875,0.9464493742733872,-0.006336271305091538,-0.010332440510921009,-0.0024753766786186227,80
2,2.5,0.821884039000314,0.8283592985168168,0.8329937200490073,0.8227006148534901,0.0049348631039179275,0.0051588174263684575,0.005519146508474855,0.8144389474526331,0.8222319600196015,0.8250992044819936,0.8151371097479799,0.004988940725814597,0.005394669346292456,0.005902617335139037,0.2625,0.3625,0.9655318329555136,-0.007563505105510184,-0.013057503807546743,-0.0024704931521289633,80
2,3.0,0.7583973022952326,0.7693210949128293,0.7758099890338435,0.7610718288898751,0.0093482537455841,0.010110944160049125,0.010737245919364799,0.7498854530612907,0.7598875511189098,0.7622292088907032,0.7506637939628734,0.010242376790105796,0.010864766433558423,0.011406638742116644,0.2625,0.2625,0.960711975418687,-0.01040803492700167,-0.01774702226269482,-0.003655330889159326,80
2,3.5,0.6952401099041399,0.7040780423430417,0.715282457005528,0.696578255917292,0.010873994604031822,0.01212493399739762,0.01314992421693982,0.6833637228776245,0.69618865097742,0.699583712111894,0.6846899704182902,0.011619042524830144,0.01224458125017271,0.013219089802892997,0.275,0.4125,0.9740319399159926,-0.011888285499001793,-0.02065346791312046,-0.003718111582906268,80
3,0.1,0.9867650348272399,0.9878825614155181,0.9890565179445894,0.9877578786374966,1.9496212855170873e-06,2.1390330452628357e-06,2.4217802281823875e-06,0.9859771137741398,0.9872392485271486,0.9882815307289939,0.9870214322194026,2.211690369298196e-06,2.4515878751486904e-06,2.6658445034231744e-06,0.3,0.2625,0.9495865984273614,-0.0007364464180939876,-0.0012189889946811333,-0.0002260252810974375,80
3,0.25,0.9852798482320375,0.9863665109561289,0.98753254735407,0.9862468831950825,1.1444079574073748e-05,1.2915661922315649e-05,1.4523415367800252e-05,0.9844607385747134,0.9857418066587207,0.9866830927319044,0.9855425839895894,1.415053334042806e-05,1.5396022510832668e-05,1.7588527372423612e-05,0.3,0.175,0.9561862935607912,-0.0007042992054929545,-0.0011827553007149078,-0.00020185570691915039,80
3,0.5,0.9787742899351977,0.9799737056997081,0.981343232025192,0.9798792982128302,5.8629405280696377e-05,6.580478522934824e-05,7.090108122440275e-05,0.9777718237103747,0.9786420045287361,0.9800618324875827,0.9788282467502055,6.385784023897452e-05,7.130741637186524e-05,7.988050192871193e-05,0.25,0.3125,0.9376485881943454,-0.0010510514626244777,-0.0016642955559733126,-0.00040317835101126717,80
3,0.75,0.9713131511089228,0.9726072078806365,0.9738943004489151,0.9723979583963924,0.00014096880503427475,0.00015147260338182653,0.00016415912319813988,0.9699174771169125,0.9705605876953093,0.9717445959103655,0.9707846120367538,0.0001594684185278784,0.00016849987199642395,0.0001824802920168864,0.2125,0.2375,0.9304802635275041,-0.001613346359638626,-0.0024845229786907203,-0.0006355589191927412,80
3,1.0,0.9578143456735513,0.9592549660693375,0.9606814273096369,0.9590169068840426,0.0003274331344196681,0.0003518713618214195,0.0003826736477102388,0.9558270605861249,0.9568452389861898,0.9581568050176126,0.9570009601156328,0.00038005665536723204,0.0004130092113404801,0.00043198301471213173,0.2375,0.15,0.9441608057480269,-0.002015946768409746,-0.0031586023962345455,-0.0006678423502629054,80
3,1.25,0.9428630192521039,0.9444041092397197,0.9465632228081917,0.9443950762816667,0.0006114695426739426,0.0006696387918586403,0.0007240011483422078,0.9405033991570236,0.9420060679456551,0.9435813844190917,0.9419687754526344,0.0007023225972981621,0.0007531996429104894,0.0008455045105374619,0.2375,0.25,0.958650134434454,-0.002426300829032407,-0.003834884240442886,-0.0008687843538161307,80
3,1.5,0.9242509221012783,0.9258819599134602,0.9273545618639366,0.9256414709049411,0.0012643818258568536,0.0013157571653049243,0.0013483132771974031,0.9209665245356872,0.9222360913695538,0.9248008515543659,0.9225945113122632,0.001374569055444959,0.0014888115845556054,0.001588424064895767,0.2,0.2375,0.9531161870832335,-0.0030469595926779225,-0.00489378560371086,-0.0009261467387758735,80
3,2.0,0.8823704308561721,0.8849639864812708,0.8864402545920935,0.8837286815066971,0.0026821402674363577,0.002981114592626204,0.003080479405469163,0.8741682867744125,0.8777116340189421,0.8821404217082871,0.8778680902148241,0.0029785165802569532,0.003137388187285879,0.0033658663951311786,0.1875,0.25,0.9406946653988981,-0.005860591291873077,-0.008972548056095042,-0.0022156912757030287,80
3,2.5,0.8291001806380947,0.8319277546491683,0.8339531477623778,0.8308532434117322,0.004876468528718292,0.005102818402272772,0.005278579134440955,0.8204235351737539,0.8231536399957935,0.8301043722056162,0.824240256202031,0.004987180660681778,0.005381842363572976,0.005707940551493858,0.25,0.3625,0.950385664408551,-0.006612987209701378,-0.010342285279383438,-0.002294677195675665,80
3,3.0,0.769407910025488,0.7753332436970587,0.777633596812483,0.7725495680968059,0.009276011784003075,0.009481865425738588,0.009955287642220294,0.755964859695856,0.7606177546007709,0.7691914419151187,0.7621820900844902,0.009885399290816051,0.010317238033166934,0.011218165992021835,0.2125,0.1875,0.9385272325783973,-0.01036747801231576,-0.015500041221998027,-0.00460293286424007,80
3,3.5,0.7038837345824743,0.7146302278518362,0.7170366722614234,0.7101060639355603,0.010546778958016284,0.010705544553453019,0.013087579031187313,0.6939052814259432,0.6962576456388809,0.7036606912371932,0.6980233179402433,0.011684485952539656,0.012243388375190581,0.012793901587933748,0.2,0.3625,0.9395126101145841,-0.012082745995317074,-0.01800126045237218,-0.005406449651832892,80
