sigma_mhz,difference_seed1,frac_noise_higher_seed1,difference_seed2,frac_noise_higher_seed2,difference_seed3,frac_noise_higher_seed3,difference_same_seed_mean,difference_same_seed_min,difference_same_seed_max,difference_all_pairings_mean,difference_all_pairings_min,difference_all_pairings_max,frac_noise_higher_pooled,nominal_fidelity_mean_over_seeds,nominal_fidelity_min_over_seeds,nominal_fidelity_max_over_seeds,noise_fidelity_mean_over_seeds,noise_fidelity_min_over_seeds,noise_fidelity_max_over_seeds,n_seeds,n_iterations
0.1,-0.00045913124914322286,0.325,5.829304290321385e-05,0.55,-0.0007364464180939876,0.3,-0.00037909487477799886,-0.0007364464180939876,5.829304290321385e-05,-0.0003790948747779989,-0.0008796668287340866,5.829304290321385e-05,0.39166666666666666,0.9877954357727199,0.9877273296325264,0.9879010990481365,0.9874163408979421,0.9870214322194026,0.9877856226754297,3,80
0.25,-0.00047038042411685075,0.3,-2.4887184516890483e-05,0.5375,-0.0007042992054929545,0.3,-0.0003998556047088986,-0.0007042992054929545,-2.4887184516890483e-05,-0.0003998556047088986,-0.0008297799583157864,-2.4887184516890483e-05,0.37916666666666665,0.9862615748122955,0.986165477293899,0.9863723639479052,0.9858617192075867,0.9855425839895894,0.9861405901093822,3,80
0.5,-0.0008209934761294321,0.2875,-0.00032761136993852134,0.5125,-0.0010510514626244777,0.25,-0.0007332187695641437,-0.0010510514626244777,-0.00032761136993852134,-0.0007332187695641436,-0.0012223930263676366,-0.00017851028603767943,0.3499999999999999,0.9797793648586284,0.9794081565864815,0.9800506397765731,0.9790461460890642,0.9788282467502055,0.9792296463004437,3,80
0.75,-0.0011963992864290132,0.325,-0.0011749433335726922,0.3,-0.001613346359638626,0.2125,-0.0013282296598801106,-0.001613346359638626,-0.0011749433335726922,-0.0013282296598801104,-0.0023791538831999734,7.81126319826797e-06,0.2791666666666667,0.9720737600922975,0.9713095556654363,0.9725137662150637,0.9707455304324174,0.9701346123318636,0.9713173669286345,3,80
1.0,-0.0015567087125456236,0.2625,-0.0016549785957408899,0.275,-0.002015946768409746,0.2375,-0.0017425446922320863,-0.002015946768409746,-0.0015567087125456236,-0.0017425446922320867,-0.003448528793690077,0.00023684148540356332,0.25833333333333336,0.9584661780915787,0.9572940385963721,0.9590875887943214,0.9567236333993469,0.9556390600006314,0.9575308800817759,3,80
1.25,-0.0023372157672339176,0.275,-0.0021247710113097298,0.3125,-0.002426300829032407,0.2375,-0.002296095869192018,-0.002426300829032407,-0.0021247710113097298,-0.002296095869192018,-0.005088134246624648,0.0006261474680810009,0.27499999999999997,0.943438398923024,0.9414783786260452,0.94444174186136,0.9411423030538321,0.9393536076147356,0.9421045260941263,3,80
1.5,-0.0032472141582645083,0.275,-0.0033102997827297435,0.2625,-0.0030469595926779225,0.2,-0.003201491177890725,-0.0033102997827297435,-0.0030469595926779225,-0.003201491177890725,-0.007975988480695032,0.0014184745397007813,0.24583333333333335,0.924352779679531,0.9213755897178434,0.9260412784158085,0.9211512885016403,0.9180652899351136,0.9227940642575441,3,80
2.0,-0.004594554015314724,0.3,-0.006336271305091538,0.175,-0.005860591291873077,0.1875,-0.005597138870759779,-0.006336271305091538,-0.004594554015314724,-0.005597138870759781,-0.012836334579049652,0.0019055092586433898,0.22083333333333333,0.8815752812265369,0.8772485494494777,0.8837486127234356,0.8759781423557772,0.870912278144386,0.879154058708121,3,80
2.5,-0.00679981928239384,0.2875,-0.007563505105510184,0.2625,-0.006612987209701378,0.25,-0.006992103865868468,-0.007563505105510184,-0.006612987209701378,-0.006992103865868468,-0.016634956186724382,0.002271631798820359,0.26666666666666666,0.8284419747333089,0.8227006148534901,0.8317720659347042,0.8214498708674404,0.8151371097479799,0.8249722466523106,3,80
3.0,-0.008310590309439451,0.3375,-0.01040803492700167,0.2625,-0.01036747801231576,0.2125,-0.009695367749585626,-0.01040803492700167,-0.008310590309439451,-0.009695367749585628,-0.021885774133932428,0.002799248300920494,0.27083333333333337,0.7686010214956386,0.7610718288898751,0.7725495680968059,0.7589056537460531,0.7506637939628734,0.7638710771907956,3,80
3.5,-0.01144970318334201,0.3,-0.011888285499001793,0.275,-0.012082745995317074,0.2,-0.011806911559220293,-0.012082745995317074,-0.01144970318334201,-0.011806911559220291,-0.0254160935172701,0.002052398536716217,0.2583333333333333,0.7055882258300675,0.696578255917292,0.7101060639355603,0.6937813142708472,0.6846899704182902,0.6986306544540083,3,80
