model,horizon_ns,seed,train_noise_std_mhz,optimizer_cost,nominal_cost,nominal_fidelity,nominal_leakage,nominal_leakage_boundary,nominal_leakage_integral,nominal_boundary_cost,nominal_time_cost,nominal_time_ns,plan
none,70.0,1,0.0,0.12562771028192413,0.12562771028198852,0.999385245499656,0.00019823917333051884,1.087033439104855e-05,0.0001873688389394703,0.0008311068785768263,0.11666666666666668,70.0,plans/none_h070_seed1_control_plan.npz
none,100.0,1,0.0,0.17025645473561585,0.17025645473578016,0.9997228265840965,6.87522054389735e-05,3.9972421725129364e-07,6.83524812217222e-05,0.0001305318556887492,0.16666666666666669,100.0,plans/none_h100_seed1_control_plan.npz
none,130.0,1,0.0,0.21853886491728028,0.21853886491771327,0.9998428585838317,2.7144272458784453e-05,2.2919620201494463e-07,2.6915076256769507e-05,2.9341364775822225e-05,0.21666666666666667,130.0,plans/none_h130_seed1_control_plan.npz
white,70.0,1,1.0,0.20660093033003307,0.14336665104680563,0.998015370393297,0.0002106521253591801,1.6981083196921837e-05,0.00019367104216225825,0.004747167059517325,0.11666666666666668,70.0,plans/white_h070_seed1_control_plan.npz
white,70.0,2,1.0,0.23298280498015625,0.17703291814138206,0.9969632190237581,0.0002117814033467145,1.9019105924175266e-05,0.00019276229742253923,0.02788062767882886,0.11666666666666668,70.0,plans/white_h070_seed2_control_plan.npz
white,70.0,3,1.0,0.21061874515811252,0.15649799217395668,0.9971629587111343,0.00021442748724229818,1.7424116132297854e-05,0.00019700337111000033,0.009316637746209536,0.11666666666666668,70.0,plans/white_h070_seed3_control_plan.npz
white,70.0,4,1.0,0.21033849285967315,0.14676746639333174,0.9978635626122737,0.00021475563562327004,2.1852054728857707e-05,0.00019290358089441234,0.0065888694931694955,0.11666666666666668,70.0,plans/white_h070_seed4_control_plan.npz
white,70.0,5,1.0,0.2147751380188423,0.1583508778190279,0.9966847907855167,0.0002098336674110454,1.6751278671074476e-05,0.00019308238873997092,0.006433782333418254,0.11666666666666668,70.0,plans/white_h070_seed5_control_plan.npz
white,70.0,6,1.0,0.20476331517507748,0.15936353530057876,0.9966538760751559,0.00020405626415493915,1.4869579827130314e-05,0.00018918668432780884,0.0071950667439214374,0.11666666666666668,70.0,plans/white_h070_seed6_control_plan.npz
white,70.0,7,1.0,0.24032699551825576,0.15409774881241567,0.9982933302321879,0.0002075645824024574,1.864230329746093e-05,0.00018892227910499647,0.018288738643603555,0.11666666666666668,70.0,plans/white_h070_seed7_control_plan.npz
white,70.0,8,1.0,0.2381064077854994,0.14928576533908722,0.9975418332282738,0.0002048662489330155,2.029937346743823e-05,0.00018456687546557728,0.005988768465828728,0.11666666666666668,70.0,plans/white_h070_seed8_control_plan.npz
white,100.0,1,1.0,0.2566785296795053,0.22021806464069743,0.9948693862913819,9.476643449519108e-05,1.2032799737592684e-05,8.27336347575984e-05,0.0012975965428976767,0.16666666666666669,100.0,plans/white_h100_seed1_control_plan.npz
white,100.0,2,1.0,0.3139286020930773,0.19773702974144686,0.9973591552936547,8.467950072333955e-05,6.503572185181206e-06,7.817592853815834e-05,0.003815121004093869,0.16666666666666669,100.0,plans/white_h100_seed2_control_plan.npz
white,100.0,3,1.0,0.3163250993349841,0.22508331467088852,0.9950647142239865,8.232228945505326e-05,8.163174989816431e-06,7.415911446523683e-05,0.008240567349535882,0.16666666666666669,100.0,plans/white_h100_seed3_control_plan.npz
white,100.0,4,1.0,0.29738114226858925,0.24449530338240621,0.9937246009236267,9.54018559914999e-05,1.2915742804212203e-05,8.248611318728769e-05,0.014120627392091401,0.16666666666666669,100.0,plans/white_h100_seed4_control_plan.npz
white,100.0,5,1.0,0.30923904301747507,0.19426062572592484,0.997594279510337,9.874917317058411e-05,1.2532461498142225e-05,8.621671167244189e-05,0.0025492624309219865,0.16666666666666669,100.0,plans/white_h100_seed5_control_plan.npz
white,100.0,6,1.0,0.31618940629852677,0.23404019931593545,0.9943594994922614,0.00010317540571978287,1.4430288428152582e-05,8.874511729163028e-05,0.00993677351468529,0.16666666666666669,100.0,plans/white_h100_seed6_control_plan.npz
white,100.0,7,1.0,0.28177904276483573,0.19152860138807665,0.9981071152237059,9.817856665843352e-05,1.0583375553500841e-05,8.759519110493268e-05,0.004951301291884374,0.16666666666666669,100.0,plans/white_h100_seed7_control_plan.npz
white,100.0,8,1.0,0.2850987184205632,0.18740758481049935,0.9989704535903248,9.491582302967346e-05,1.2687857753848523e-05,8.222796527582494e-05,0.009496295816783629,0.16666666666666669,100.0,plans/white_h100_seed8_control_plan.npz
white,130.0,1,1.0,0.4069260016622732,0.29826379781818446,0.9946156150305578,4.7792856557562217e-05,6.365065076820308e-06,4.142779148074191e-05,0.02727535289152058,0.21666666666666667,130.0,plans/white_h130_seed1_control_plan.npz
white,130.0,2,1.0,0.37629492872605885,0.33495658437101583,0.9899087577130309,6.367780148968432e-05,1.4877337202150839e-05,4.880046428753349e-05,0.016740716819761154,0.21666666666666667,130.0,plans/white_h130_seed2_control_plan.npz
white,130.0,3,1.0,0.3877533967412002,0.2612859767854943,0.9958959619410174,5.926009116363686e-05,8.291235518270416e-06,5.096885564536644e-05,0.0029863286173649767,0.21666666666666667,130.0,plans/white_h130_seed3_control_plan.npz
white,130.0,4,1.0,0.3763004221561561,0.28438685862527513,0.9952760921944768,6.149812485690831e-05,1.0480777202378767e-05,5.1017347654529544e-05,0.019866132654807064,0.21666666666666667,130.0,plans/white_h130_seed4_control_plan.npz
white,130.0,5,1.0,0.41460557656890057,0.3483656359953925,0.9879463524400064,5.3692586891022475e-05,7.27846293218741e-06,4.6414123958835065e-05,0.010625567859879483,0.21666666666666667,130.0,plans/white_h130_seed5_control_plan.npz
white,130.0,6,1.0,0.3915280741986907,0.3114635565820715,0.9910198976569943,5.5757414370804455e-05,7.679691524418156e-06,4.80777228463863e-05,0.004438292341639482,0.21666666666666667,130.0,plans/white_h130_seed6_control_plan.npz
white,130.0,7,1.0,0.39121520624866046,0.3023563613760081,0.9918107444233482,5.383930937940443e-05,6.273057567768377e-06,4.7566251811636055e-05,0.0032587458490289305,0.21666666666666667,130.0,plans/white_h130_seed7_control_plan.npz
white,130.0,8,1.0,0.43047334833843953,0.3479664581030919,0.9876707526137307,4.937270893690591e-05,3.1699463263744246e-06,4.620276261053149e-05,0.007513590484363334,0.21666666666666667,130.0,plans/white_h130_seed8_control_plan.npz
quasi_static,70.0,1,0.3,0.14959216609699924,0.14451591653062001,0.9978815073475045,0.00020306427736750823,1.5780692663033892e-05,0.00018728358470447432,0.0046336805653229675,0.11666666666666668,70.0,plans/quasi_static_h070_seed1_control_plan.npz
quasi_static,70.0,2,0.3,0.152129330795401,0.1504398114598206,0.9976852416467553,0.0002099489521626263,1.6080517728720486e-05,0.00019386843443390582,0.008526071739080814,0.11666666666666668,70.0,plans/quasi_static_h070_seed2_control_plan.npz
quasi_static,70.0,3,0.3,0.14735086831589567,0.15307254203828868,0.9969972614668661,0.00020134535483270488,1.2677536469319467e-05,0.00018866781836338541,0.00436503649195565,0.11666666666666668,70.0,plans/quasi_static_h070_seed3_control_plan.npz
quasi_static,70.0,4,0.3,0.14305807068993676,0.1340837549431409,0.9987550911430798,0.00020234050942918746,1.231178173521984e-05,0.00019002872769396763,0.002944594612980433,0.11666666666666668,70.0,plans/quasi_static_h070_seed4_control_plan.npz
quasi_static,70.0,5,0.3,0.1474035054764883,0.14617025154237298,0.9974189472428141,0.00019656671660734295,1.4155083985780565e-05,0.0001824116326215624,0.0017273901377738848,0.11666666666666668,70.0,plans/quasi_static_h070_seed5_control_plan.npz
quasi_static,70.0,6,0.3,0.15744441764135828,0.15347163078336518,0.9967647928829406,0.00020620000628144316,1.5173184343133918e-05,0.00019102682193830925,0.0023908928832902803,0.11666666666666668,70.0,plans/quasi_static_h070_seed6_control_plan.npz
quasi_static,70.0,7,0.3,0.1430099302698318,0.154873620684064,0.9970571934955117,0.0001997084913393999,1.2513332100830362e-05,0.00018719515923856954,0.006781804059120275,0.11666666666666668,70.0,plans/quasi_static_h070_seed7_control_plan.npz
quasi_static,70.0,8,0.3,0.14575400465457763,0.2226170981181615,0.9898051762371609,0.00020109447108405476,1.2251196168807711e-05,0.00018884327491524704,0.001991249112263381,0.11666666666666668,70.0,plans/quasi_static_h070_seed8_control_plan.npz
quasi_static,100.0,1,0.3,0.22001800220917594,0.25980961182703227,0.9913461310600429,9.158752632641721e-05,9.341506299257486e-06,8.224602002715972e-05,0.005688380497530212,0.16666666666666669,100.0,plans/quasi_static_h100_seed1_control_plan.npz
quasi_static,100.0,2,0.3,0.22228028493070737,0.24611428256857834,0.9931893863859629,8.300969061256238e-05,4.727224492873329e-06,7.828246611968905e-05,0.010511382855414843,0.16666666666666669,100.0,plans/quasi_static_h100_seed2_control_plan.npz
quasi_static,100.0,3,0.3,0.2028748274189362,0.21527275308538146,0.9963137220157556,8.637490237436792e-05,7.696618189742405e-06,7.867828418462552e-05,0.010879557552527418,0.16666666666666669,100.0,plans/quasi_static_h100_seed3_control_plan.npz
quasi_static,100.0,4,0.3,0.19757177152199132,0.25672091762450755,0.9925671689696822,0.00010274730674482001,1.3786654677223457e-05,8.896065206759656e-05,0.01469846758721486,0.16666666666666669,100.0,plans/quasi_static_h100_seed4_control_plan.npz
quasi_static,100.0,5,0.3,0.20361909785421722,0.2036166974028118,0.9965935999112256,8.986252695805726e-05,1.066015458912991e-05,7.920237236892735e-05,0.0019874045788210166,0.16666666666666669,100.0,plans/quasi_static_h100_seed5_control_plan.npz
quasi_static,100.0,6,0.3,0.2232327956448415,0.21949660206370175,0.9953526044238807,9.428774606406104e-05,1.0267403586856472e-05,8.402034247720457e-05,0.005413102175201846,0.16666666666666669,100.0,plans/quasi_static_h100_seed6_control_plan.npz
quasi_static,100.0,7,0.3,0.22584292435520528,0.2999224430591364,0.9912884221612837,9.060504172470581e-05,9.099672848727322e-06,8.150536887597848e-05,0.04523394758805924,0.16666666666666669,100.0,plans/quasi_static_h100_seed7_control_plan.npz
quasi_static,100.0,8,0.3,0.22774854053756646,0.21127394082349504,0.9965689587371939,9.565222887029272e-05,1.0890316774478157e-05,8.476191209581456e-05,0.009340339240064114,0.16666666666666669,100.0,plans/quasi_static_h100_seed8_control_plan.npz
quasi_static,130.0,1,0.3,0.29275976064239073,0.4783413059039857,0.9757783884703312,5.847616758472668e-05,8.527637310675607e-06,4.994853027405107e-05,0.018873762264783392,0.21666666666666667,130.0,plans/quasi_static_h130_seed1_control_plan.npz
quasi_static,130.0,2,0.3,0.274911143138543,0.5617209872722915,0.9664246375838161,6.183819503891351e-05,7.83953947792925e-06,5.399865556098426e-05,0.008682314493397073,0.21666666666666667,130.0,plans/quasi_static_h130_seed2_control_plan.npz
quasi_static,130.0,3,0.3,0.2823884121751355,0.3074890071485739,0.9922866776026422,4.892605786203952e-05,5.681965734080668e-06,4.3244092127958855e-05,0.013199855929709023,0.21666666666666667,130.0,plans/quasi_static_h130_seed3_control_plan.npz
quasi_static,130.0,4,0.3,0.2684493805642762,0.44659332814114155,0.9790068917817505,6.606535344280245e-05,1.2619066627590834e-05,5.344628681521162e-05,0.019334925757551746,0.21666666666666667,130.0,plans/quasi_static_h130_seed4_control_plan.npz
quasi_static,130.0,5,0.3,0.29872447460744944,0.3277393623613948,0.9901448798641953,6.90043403243961e-05,1.0452843436200018e-05,5.8551496888196085e-05,0.011831450933437168,0.21666666666666667,130.0,plans/quasi_static_h130_seed5_control_plan.npz
quasi_static,130.0,6,0.3,0.285744048625589,0.3393001192320643,0.9886436603083861,5.8932738161445594e-05,1.3323495163600075e-05,4.5609242997845515e-05,0.008480728267644467,0.21666666666666667,130.0,plans/quasi_static_h130_seed6_control_plan.npz
quasi_static,130.0,7,0.3,0.2586641757182342,0.36864597157868295,0.9854227471790691,5.312184513865853e-05,1.0723248583291415e-05,4.239859655536711e-05,0.005675558251320494,0.21666666666666667,130.0,plans/quasi_static_h130_seed7_control_plan.npz
quasi_static,130.0,8,0.3,0.2876381268716867,0.3134768570177938,0.9912360443408584,5.74610886397312e-05,8.751714615990755e-06,4.870937402374044e-05,0.008596022873314227,0.21666666666666667,130.0,plans/quasi_static_h130_seed8_control_plan.npz
