alpha,time_ns,fidelity,cost,converged,mirror_alpha,mirror_fidelity,mirror_cost,partner_alpha,partner_time_ns,partner_fidelity,partner_cost,partner_converged
0,180,0.557679,4.95937,False,3.14159,0.557679,4.95937,3.14,180,0.940043,1.10714,False
0.157,142,0.988032,0.398803,True,2.98459,0.988032,0.398803,2.983,180,0.921264,1.34814,False
0.314,140,0.990454,0.398472,True,2.82759,0.990454,0.398472,2.826,180,0.933953,1.20682,False
0.471,180,0.953806,0.979484,False,2.67059,0.953806,0.979484,2.669,144,0.991774,0.396756,True
0.628,180,0.947983,0.955999,False,2.51359,0.947983,0.955999,2.512,136,0.991855,0.399096,True
0.785,180,0.949161,0.943934,False,2.35659,0.949161,0.943934,2.355,118,0.986337,0.399315,True
0.942,148,0.990469,0.399847,True,2.19959,0.990469,0.399847,2.198,110,0.983742,0.398814,True
1.099,76,0.984967,0.398607,True,2.04259,0.984967,0.398607,2.041,106,0.982483,0.395643,True
1.256,140,0.989412,0.399676,True,1.88559,0.989412,0.399676,1.884,108,0.982116,0.39857,True
1.413,132,0.987988,0.399414,True,1.72859,0.987988,0.399414,1.727,124,0.986149,0.393568,True
1.57,2,0.999999,0.00510511,True,1.57159,0.999999,0.00510511,1.57,2,0.999999,0.00510511,True
1.727,124,0.986149,0.393568,True,1.41459,0.986149,0.393568,1.413,132,0.987988,0.399414,True
1.884,108,0.982116,0.39857,True,1.25759,0.982116,0.39857,1.256,140,0.989412,0.399676,True
2.041,106,0.982483,0.395643,True,1.10059,0.982483,0.395643,1.099,76,0.984967,0.398607,True
2.198,110,0.983742,0.398814,True,0.943593,0.983742,0.398814,0.942,148,0.990469,0.399847,True
2.355,118,0.986337,0.399315,True,0.786593,0.986337,0.399315,0.785,180,0.949161,0.943934,False
2.512,136,0.991855,0.399096,True,0.629593,0.991855,0.399096,0.628,180,0.947983,0.955999,False
2.669,144,0.991774,0.396756,True,0.472593,0.991774,0.396756,0.471,180,0.953806,0.979484,False
2.826,180,0.933953,1.20682,False,0.315593,0.933953,1.20682,0.314,140,0.990454,0.398472,True
2.983,180,0.921264,1.34814,False,0.158593,0.921264,1.34814,0.157,142,0.988032,0.398803,True
3.14,180,0.940043,1.10714,False,0.00159265,0.940043,1.10714,0,180,0.557679,4.95937,False
