time_ns,area_free_end_rad,area_zero_end_rad
2,0.000932084,-0
4,0.00361481,0.000496264
6,0.00876358,0.00186601
8,0.0170002,0.003776
10,0.0288615,0.00716305
12,0.0448076,0.0122132
14,0.065229,0.0183086
16,0.0904537,0.0268671
18,0.120753,0.0373564
20,0.156347,0.0498393
22,0.197411,0.0657918
24,0.244079,0.0830311
26,0.296448,0.10408
28,0.354582,0.127789
30,0.418517,0.154579
32,0.488264,0.185262
34,0.563809,0.218408
36,0.64512,0.256435
38,0.732145,0.296535
40,0.824821,0.34216
42,0.923067,0.389799
44,1.02679,0.44318
46,1.1359,0.498938
48,1.25028,0.560153
50,1.36982,0.624614
52,1.4944,0.69367
54,1.62389,0.767425
56,1.75816,0.844273
58,1.89709,0.927346
60,2.04054,1.01247
62,2.18838,1.10315
64,2.34047,1.19875
66,2.49668,1.29688
68,2.65687,1.40087
70,2.82091,1.50898
72,2.98868,1.62008
74,3.16004,1.73675
76,3.33486,1.85792
78,3.51303,1.98131
80,3.6944,2.10993
82,3.87888,2.24363
84,4.06633,2.37964
86,4.25664,2.51946
88,4.44971,2.66401
90,4.64542,2.81311
92,4.84366,2.96436
94,5.04434,3.11897
96,5.24735,3.27781
98,5.45261,3.4407
100,5.66,3.60751
102,5.86945,3.77539
104,6.08087,3.94692
106,6.29417,4.12205
108,6.50927,4.30062
110,6.7261,4.48251
112,6.94457,4.66721
114,7.16461,4.8531
116,7.38617,5.04201
118,7.60915,5.23381
120,7.83352,5.42839
122,8.05919,5.62563
124,8.28611,5.82541
126,8.51423,6.02763
128,8.74349,6.23145
130,8.97383,6.43662
132,9.20521,6.64399
134,9.43758,6.85347
136,9.67088,7.06497
138,9.90509,7.27838
140,10.1401,7.49364
142,10.376,7.71065
144,10.6127,7.92934
146,10.8501,8.14962
148,11.0881,8.37143
150,11.3269,8.59469
152,11.5663,8.81884
154,11.8063,9.04387
156,12.0469,9.2702
158,12.288,9.49778
160,12.5296,9.72654
162,12.7718,9.95643
164,13.0144,10.1874
166,13.2574,10.4194
168,13.5009,10.6523
170,13.7448,10.8862
172,13.9891,11.121
174,14.2337,11.3566
176,14.4787,11.593
178,14.724,11.8302
180,14.9697,12.0681
