alpha,abs_exchange_angle,t_free_end_ns,t_zero_end_ns
0,1.5708,73.7847,94.2848
0.0100051,1.56079,73.5511,94.0328
0.0200101,1.55079,73.3176,93.7749
0.0300152,1.54078,73.084,93.5161
0.0400203,1.53078,72.8505,93.2572
0.0500254,1.52077,72.617,92.9984
0.0600304,1.51077,72.3834,92.7395
0.0700355,1.50076,72.1499,92.4807
0.0800406,1.49076,71.9145,92.2219
0.0900456,1.48075,71.676,91.9622
0.100051,1.47075,71.4374,91.6976
0.110056,1.46074,71.1989,91.433
0.120061,1.45074,70.9603,91.1684
0.130066,1.44073,70.7218,90.9038
0.140071,1.43073,70.4832,90.6392
0.150076,1.42072,70.2447,90.3746
0.160081,1.41072,70.0062,90.11
0.170086,1.40071,69.7623,89.8432
0.180091,1.39071,69.5184,89.5748
0.190096,1.3807,69.2744,89.3064
0.200101,1.37069,69.0305,89.0379
0.210107,1.36069,68.7865,88.7695
0.220112,1.35068,68.5425,88.5011
0.230117,1.34068,68.2986,88.2327
0.240122,1.33067,68.0546,87.9632
0.250127,1.32067,67.8061,87.6863
0.260132,1.31066,67.5563,87.4095
0.270137,1.30066,67.3065,87.1326
0.280142,1.29065,67.0566,86.8557
0.290147,1.28065,66.8068,86.5789
0.300152,1.27064,66.557,86.302
0.310157,1.26064,66.3072,86.0251
0.320162,1.25063,66.0573,85.7397
0.330167,1.24063,65.8026,85.4535
0.340172,1.23062,65.5464,85.1673
0.350178,1.22062,65.2902,84.8811
0.360183,1.21061,65.034,84.5948
0.370188,1.20061,64.7778,84.3086
0.380193,1.1906,64.5216,84.0224
0.390198,1.1806,64.2654,83.7288
0.400203,1.17059,64.0092,83.4345
0.410208,1.16059,63.7463,83.1403
0.420213,1.15058,63.4832,82.8461
0.430218,1.14058,63.2201,82.5518
0.440223,1.13057,62.9569,82.2576
0.450228,1.12057,62.6938,81.9627
0.460233,1.11056,62.4307,81.6634
0.470238,1.10056,62.1675,81.364
0.480243,1.09055,61.9016,81.0647
0.490249,1.08055,61.6309,80.7654
0.500254,1.07054,61.3602,80.466
0.510259,1.06054,61.0895,80.1667
0.520264,1.05053,60.8188,79.8621
0.530269,1.04053,60.5481,79.551
0.540274,1.03052,60.2774,79.2398
0.550279,1.02052,60.0067,78.9287
0.560284,1.01051,59.7279,78.6175
0.570289,1.00051,59.4489,78.3064
0.580294,0.990502,59.1699,77.9951
0.590299,0.980497,58.8909,77.6707
0.600304,0.970492,58.612,77.3464
0.610309,0.960487,58.333,77.0221
0.620314,0.950482,58.054,76.6977
0.63032,0.940477,57.7677,76.3734
0.640325,0.930472,57.4796,76.0491
0.65033,0.920467,57.1915,75.7197
0.660335,0.910462,56.9035,75.3894
0.67034,0.900456,56.6154,75.0591
0.680345,0.890451,56.3274,74.7288
0.69035,0.880446,56.0393,74.3985
0.700355,0.870441,55.7426,74.0682
0.71036,0.860436,55.4446,73.7278
0.720365,0.850431,55.1465,73.3848
0.73037,0.840426,54.8485,73.0418
0.740375,0.830421,54.5504,72.6987
0.75038,0.820416,54.2524,72.3557
0.760385,0.810411,53.9526,72.0127
0.770391,0.800406,53.6436,71.6531
0.780396,0.790401,53.3345,71.2929
0.790401,0.780396,53.0254,70.9327
0.800406,0.770391,52.7164,70.5725
0.810411,0.760385,52.4073,70.2123
0.820416,0.75038,52.0983,69.848
0.830421,0.740375,51.7809,69.4778
0.840426,0.73037,51.4596,69.1076
0.850431,0.720365,51.1384,68.7374
0.860436,0.71036,50.8171,68.3673
0.870441,0.700355,50.4959,67.997
0.880446,0.69035,50.1746,67.6121
0.890451,0.680345,49.8472,67.2273
0.900456,0.67034,49.5124,66.8425
0.910462,0.660335,49.1776,66.4576
0.920467,0.65033,48.8428,66.0728
0.930472,0.640325,48.5081,65.6693
0.940477,0.63032,48.1733,65.2614
0.950482,0.620314,47.8312,64.8535
0.960487,0.610309,47.4813,64.4457
0.970492,0.600304,47.1314,64.0378
0.980497,0.590299,46.7815,63.6202
0.990502,0.580294,46.4316,63.2016
1.00051,0.570289,46.0818,62.783
1.01051,0.560284,45.7189,62.3644
1.02052,0.550279,45.3521,61.9429
1.03052,0.540274,44.9853,61.5015
1.04053,0.530269,44.6185,61.0601
1.05053,0.520264,44.2517,60.6188
1.06054,0.510259,43.879,60.1774
1.07054,0.500254,43.4931,59.7189
1.08055,0.490249,43.1073,59.2488
1.09055,0.480243,42.7215,58.7786
1.10056,0.470238,42.3357,58.3085
1.11056,0.460233,41.9471,57.8344
1.12057,0.450228,41.5397,57.3526
1.13057,0.440223,41.1324,56.8709
1.14058,0.430218,40.725,56.3891
1.15058,0.420213,40.3177,55.8999
1.16059,0.410208,39.9049,55.3791
1.17059,0.400203,39.4731,54.8583
1.1806,0.390198,39.0413,54.3376
1.1906,0.380193,38.6094,53.8091
1.20061,0.370188,38.1776,53.2665
1.21061,0.360183,37.7293,52.7239
1.22062,0.350178,37.2694,52.1813
1.23062,0.340172,36.8095,51.6141
1.24063,0.330167,36.3497,51.0345
1.25063,0.320162,35.8821,50.455
1.26064,0.310157,35.3899,49.8666
1.27064,0.300152,34.8977,49.2458
1.28065,0.290147,34.4055,48.6249
1.29065,0.280142,33.9067,48.0041
1.30066,0.270137,33.3769,47.3505
1.31066,0.260132,32.8472,46.6967
1.32067,0.250127,32.3174,46.043
1.33067,0.240122,31.77,45.3294
1.34068,0.230117,31.1962,44.6117
1.35068,0.220112,30.6224,43.8892
1.36069,0.210107,30.0486,43.1395
1.37069,0.200101,29.4271,42.3898
1.3807,0.190096,28.8011,41.5967
1.39071,0.180091,28.1752,40.7566
1.40071,0.170086,27.5043,39.9129
1.41072,0.160081,26.8159,39.0357
1.42072,0.150076,26.1274,38.1586
1.43073,0.140071,25.3773,37.1824
1.44073,0.130066,24.6131,36.1844
1.45074,0.120061,23.8304,35.142
1.46074,0.110056,22.9729,34.0896
1.47075,0.100051,22.1153,32.8954
1.48075,0.0900456,21.1564,31.663
1.49076,0.0800406,20.1819,30.3587
1.50076,0.0700355,19.0855,28.9169
1.51077,0.0600304,17.9543,27.3481
1.52077,0.0500254,16.6335,25.6171
1.53078,0.0400203,15.1744,23.6531
1.54078,0.0300152,13.4909,21.2777
1.55079,0.0200101,11.3996,18.4268
1.56079,0.0100051,8.50753,14.3976
1.5708,0,0,2
1.5808,0.0100051,8.50753,14.3976
1.59081,0.0200101,11.3996,18.4268
1.60081,0.0300152,13.4909,21.2777
1.61082,0.0400203,15.1744,23.6531
1.62082,0.0500254,16.6335,25.6171
1.63083,0.0600304,17.9543,27.3481
1.64083,0.0700355,19.0855,28.9169
1.65084,0.0800406,20.1819,30.3587
1.66084,0.0900456,21.1564,31.663
1.67085,0.100051,22.1153,32.8954
1.68085,0.110056,22.9729,34.0896
1.69086,0.120061,23.8304,35.142
1.70086,0.130066,24.6131,36.1844
1.71087,0.140071,25.3773,37.1824
1.72087,0.150076,26.1274,38.1586
1.73088,0.160081,26.8159,39.0357
1.74088,0.170086,27.5043,39.9129
1.75089,0.180091,28.1752,40.7566
1.76089,0.190096,28.8011,41.5967
1.7709,0.200101,29.4271,42.3898
1.7809,0.210107,30.0486,43.1395
1.79091,0.220112,30.6224,43.8892
1.80091,0.230117,31.1962,44.6117
1.81092,0.240122,31.77,45.3294
1.82092,0.250127,32.3174,46.043
1.83093,0.260132,32.8472,46.6967
1.84093,0.270137,33.3769,47.3505
1.85094,0.280142,33.9067,48.0041
1.86094,0.290147,34.4055,48.6249
1.87095,0.300152,34.8977,49.2458
1.88095,0.310157,35.3899,49.8666
1.89096,0.320162,35.8821,50.455
1.90096,0.330167,36.3497,51.0345
1.91097,0.340172,36.8095,51.6141
1.92097,0.350178,37.2694,52.1813
1.93098,0.360183,37.7293,52.7239
1.94098,0.370188,38.1776,53.2665
1.95099,0.380193,38.6094,53.8091
1.96099,0.390198,39.0413,54.3376
1.971,0.400203,39.4731,54.8583
1.981,0.410208,39.9049,55.3791
1.99101,0.420213,40.3177,55.8999
2.00101,0.430218,40.725,56.3891
2.01102,0.440223,41.1324,56.8709
2.02102,0.450228,41.5397,57.3526
2.03103,0.460233,41.9471,57.8344
2.04103,0.470238,42.3357,58.3085
2.05104,0.480243,42.7215,58.7786
2.06104,0.490249,43.1073,59.2488
2.07105,0.500254,43.4931,59.7189
2.08106,0.510259,43.879,60.1774
2.09106,0.520264,44.2517,60.6188
2.10107,0.530269,44.6185,61.0601
2.11107,0.540274,44.9853,61.5015
2.12108,0.550279,45.3521,61.9429
2.13108,0.560284,45.7189,62.3644
2.14109,0.570289,46.0818,62.783
2.15109,0.580294,46.4316,63.2016
2.1611,0.590299,46.7815,63.6202
2.1711,0.600304,47.1314,64.0378
2.18111,0.610309,47.4813,64.4457
2.19111,0.620314,47.8312,64.8535
2.20112,0.63032,48.1733,65.2614
2.21112,0.640325,48.5081,65.6693
2.22113,0.65033,48.8428,66.0728
2.23113,0.660335,49.1776,66.4576
2.24114,0.67034,49.5124,66.8425
2.25114,0.680345,49.8472,67.2273
2.26115,0.69035,50.1746,67.6121
2.27115,0.700355,50.4959,67.997
2.28116,0.71036,50.8171,68.3673
2.29116,0.720365,51.1384,68.7374
2.30117,0.73037,51.4596,69.1076
2.31117,0.740375,51.7809,69.4778
2.32118,0.75038,52.0983,69.848
2.33118,0.760385,52.4073,70.2123
2.34119,0.770391,52.7164,70.5725
2.35119,0.780396,53.0254,70.9327
2.3612,0.790401,53.3345,71.2929
2.3712,0.800406,53.6436,71.6531
2.38121,0.810411,53.9526,72.0127
2.39121,0.820416,54.2524,72.3557
2.40122,0.830421,54.5504,72.6987
2.41122,0.840426,54.8485,73.0418
2.42123,0.850431,55.1465,73.3848
2.43123,0.860436,55.4446,73.7278
2.44124,0.870441,55.7426,74.0682
2.45124,0.880446,56.0393,74.3985
2.46125,0.890451,56.3274,74.7288
2.47125,0.900456,56.6154,75.0591
2.48126,0.910462,56.9035,75.3894
2.49126,0.920467,57.1915,75.7197
2.50127,0.930472,57.4796,76.0491
2.51127,0.940477,57.7677,76.3734
2.52128,0.950482,58.054,76.6977
2.53128,0.960487,58.333,77.0221
2.54129,0.970492,58.612,77.3464
2.55129,0.980497,58.8909,77.6707
2.5613,0.990502,59.1699,77.9951
2.5713,1.00051,59.4489,78.3064
2.58131,1.01051,59.7279,78.6175
2.59131,1.02052,60.0067,78.9287
2.60132,1.03052,60.2774,79.2398
2.61132,1.04053,60.5481,79.551
2.62133,1.05053,60.8188,79.8621
2.63133,1.06054,61.0895,80.1667
2.64134,1.07054,61.3602,80.466
2.65134,1.08055,61.6309,80.7654
2.66135,1.09055,61.9016,81.0647
2.67135,1.10056,62.1675,81.364
2.68136,1.11056,62.4307,81.6634
2.69136,1.12057,62.6938,81.9627
2.70137,1.13057,62.9569,82.2576
2.71137,1.14058,63.2201,82.5518
2.72138,1.15058,63.4832,82.8461
2.73138,1.16059,63.7463,83.1403
2.74139,1.17059,64.0092,83.4345
2.75139,1.1806,64.2654,83.7288
2.7614,1.1906,64.5216,84.0224
2.7714,1.20061,64.7778,84.3086
2.78141,1.21061,65.034,84.5948
2.79142,1.22062,65.2902,84.8811
2.80142,1.23062,65.5464,85.1673
2.81143,1.24063,65.8026,85.4535
2.82143,1.25063,66.0573,85.7397
2.83144,1.26064,66.3072,86.0251
2.84144,1.27064,66.557,86.302
2.85145,1.28065,66.8068,86.5789
2.86145,1.29065,67.0566,86.8557
2.87146,1.30066,67.3065,87.1326
2.88146,1.31066,67.5563,87.4095
2.89147,1.32067,67.8061,87.6863
2.90147,1.33067,68.0546,87.9632
2.91148,1.34068,68.2986,88.2327
2.92148,1.35068,68.5425,88.5011
2.93149,1.36069,68.7865,88.7695
2.94149,1.37069,69.0305,89.0379
2.9515,1.3807,69.2744,89.3064
2.9615,1.39071,69.5184,89.5748
2.97151,1.40071,69.7623,89.8432
2.98151,1.41072,70.0062,90.11
2.99152,1.42072,70.2447,90.3746
3.00152,1.43073,70.4832,90.6392
3.01153,1.44073,70.7218,90.9038
3.02153,1.45074,70.9603,91.1684
3.03154,1.46074,71.1989,91.433
3.04154,1.47075,71.4374,91.6976
3.05155,1.48075,71.676,91.9622
3.06155,1.49076,71.9145,92.2219
3.07156,1.50076,72.1499,92.4807
3.08156,1.51077,72.3834,92.7395
3.09157,1.52077,72.617,92.9984
3.10157,1.53078,72.8505,93.2572
3.11158,1.54078,73.084,93.5161
3.12158,1.55079,73.3176,93.7749
3.13159,1.56079,73.5511,94.0328
3.14159,1.5708,73.7847,94.2848
