method,alpha,abs_exchange_angle,required_area_rad,t_free_end_ns,t_zero_end_ns,runtime_ns,converged,nominal_fidelity,position,runtime_over_t_zero_end,delivered_exchange_area_rad,delivered_over_required,detuning_1_area_rad,detuning_2_area_rad
trpo_curriculum,0,1.5708,3.14159,74,96,180,False,0.557679,above,1.875,0.0704239,0.0224166,-2.21652,1.97872
trpo_curriculum,0.157,1.4138,2.82759,72,92,142,True,0.988032,above,1.54348,0.039632,0.0140161,3.09157,-3.14078
trpo_curriculum,0.314,1.2568,2.51359,68,86,140,True,0.990454,above,1.62791,0.221295,0.0880392,3.11844,-3.04244
trpo_curriculum,0.471,1.0998,2.19959,64,82,180,False,0.953806,above,2.19512,0.058368,0.0265358,2.79514,-3.0486
trpo_curriculum,0.628,0.942796,1.88559,58,78,180,False,0.947983,above,2.30769,0.219553,0.116437,2.57317,-2.87346
trpo_curriculum,0.785,0.785796,1.57159,54,72,180,False,0.949161,above,2.5,0.377406,0.240143,1.30464,-1.57101
trpo_curriculum,0.942,0.628796,1.25759,50,66,148,True,0.990469,above,2.24242,1.18558,0.942738,0.0834978,-0.0880894
trpo_curriculum,1.099,0.471796,0.943593,44,60,76,True,0.984967,above,1.26667,1.02406,1.08528,-0.0143998,-0.212772
trpo_curriculum,1.256,0.314796,0.629593,36,52,140,True,0.989412,above,2.69231,0.67655,1.07458,0.00904721,-0.0555729
trpo_curriculum,1.413,0.157796,0.315593,28,40,132,True,0.987988,above,3.3,0.413955,1.31168,0.00386104,-0.036065
trpo_curriculum,1.57,0.000796327,0.00159265,4,6,2,True,0.999999,below,0.333333,0.000661963,0.415635,-0.000229778,0.000431481
trpo_curriculum,1.727,0.156204,0.312407,28,40,124,True,0.986149,above,3.1,0.209213,0.669679,-0.103881,-0.120781
trpo_curriculum,1.884,0.313204,0.626407,36,52,108,True,0.982116,above,2.07692,0.531365,0.848273,-0.175078,-0.118556
trpo_curriculum,2.041,0.470204,0.940407,44,60,106,True,0.982483,above,1.76667,0.800532,0.851261,-0.102729,-0.1265
trpo_curriculum,2.198,0.627204,1.25441,50,66,110,True,0.983742,above,1.66667,1.09159,0.870204,-0.0897884,-0.0417822
trpo_curriculum,2.355,0.784204,1.56841,54,72,118,True,0.986337,above,1.63889,1.4078,0.897599,-0.0793529,0.0237735
trpo_curriculum,2.512,0.941204,1.88241,58,78,136,True,0.991855,above,1.74359,1.77678,0.943889,-0.0841018,0.0555117
trpo_curriculum,2.669,1.0982,2.19641,64,82,144,True,0.991774,above,1.7561,2.08253,0.948154,-0.146094,0.0254218
trpo_curriculum,2.826,1.2552,2.51041,68,86,180,False,0.933953,above,2.09302,1.52973,0.609356,-1.87959,1.71979
trpo_curriculum,2.983,1.4122,2.82441,72,92,180,False,0.921264,above,1.95652,0.861981,0.30519,-2.52044,2.28889
trpo_curriculum,3.14,1.5692,3.13841,74,96,180,False,0.940043,above,1.875,0.615451,0.196103,-2.8029,2.63741
adam,0,1.5708,3.14159,74,96,70,True,0.939891,below,0.729167,0.0707575,0.0225228,2.80084,2.79762
adam,0.1,1.4708,2.94159,72,92,70,True,0.967055,below,0.76087,0.791251,0.268987,2.77522,-2.78225
adam,0.2,1.3708,2.74159,70,90,70,True,0.968936,inside,0.777778,0.673877,0.245798,2.76922,-2.77617
adam,0.3,1.2708,2.54159,68,88,80,True,0.989385,inside,0.909091,1.70156,0.669484,2.08082,-2.21191
adam,0.4,1.1708,2.34159,66,84,80,True,0.992426,inside,0.952381,1.9867,0.848439,1.3869,-1.52305
adam,0.5,1.0708,2.14159,62,82,80,True,0.987323,inside,0.97561,2.01122,0.939122,0.780029,-1.03856
adam,0.6,0.970796,1.94159,60,78,80,True,0.990304,above,1.02564,1.92869,0.993355,-0.0998318,-0.17704
adam,0.7,0.870796,1.74159,56,76,70,True,0.982575,inside,0.921053,1.572,0.90262,-0.094984,-0.0841593
adam,0.8,0.770796,1.54159,54,72,70,True,0.993032,inside,0.972222,1.47483,0.956694,-0.141896,-0.127969
adam,0.9,0.670796,1.34159,50,68,60,True,0.971096,inside,0.882353,1.11441,0.830662,0.0301058,0.0199556
adam,1,0.570796,1.14159,48,64,60,True,0.990487,inside,0.9375,1.03136,0.903436,0.039145,0.0282649
adam,1.1,0.470796,0.941593,44,60,50,True,0.970372,inside,0.833333,0.709342,0.753342,-0.00382031,-0.0562817
adam,1.2,0.370796,0.741593,40,54,50,True,0.989573,inside,0.925926,0.601561,0.811175,-0.0528105,0.0218898
adam,1.3,0.270796,0.541593,34,48,40,True,0.985272,inside,0.833333,0.375149,0.692677,-0.00723543,0.00738287
adam,1.4,0.170796,0.341593,28,40,40,True,0.998723,inside,1,0.31585,0.924638,-0.00843262,0.00919684
adam,1.5,0.0707963,0.141593,20,30,40,True,0.999043,above,1.33333,0.147922,1.0447,-0.00635812,0.0138499
adam,1.6,0.0292037,0.0584073,14,22,40,True,0.999043,above,1.81818,0.0510394,0.873852,-0.00599724,0.0148207
adam,1.7,0.129204,0.258407,26,38,40,True,0.999082,above,1.05263,0.259717,1.00507,-0.00828185,0.011017
adam,1.8,0.229204,0.458407,32,46,40,True,0.99356,inside,0.869565,0.353138,0.770359,-0.00836132,0.00809085
adam,1.9,0.329204,0.658407,38,52,40,True,0.952195,inside,0.769231,0.347618,0.527968,0.0115142,0.00541831
adam,2,0.429204,0.858407,42,58,50,True,0.979082,inside,0.862069,0.659686,0.7685,-0.0874727,-0.0284182
adam,2.1,0.529204,1.05841,46,62,60,True,0.995168,inside,0.967742,0.981931,0.927744,0.0154203,-0.0160733
adam,2.2,0.629204,1.25841,50,66,60,True,0.98205,inside,0.909091,1.07807,0.856692,0.00602048,-0.0245594
adam,2.3,0.729204,1.45841,52,70,70,True,0.995092,inside,1,1.40658,0.964466,-0.124317,-0.112411
adam,2.4,0.829204,1.65841,56,74,70,True,0.987229,inside,0.945946,1.52422,0.919086,-0.129054,-0.124035
adam,2.5,0.929204,1.85841,58,78,70,True,0.96864,inside,0.897436,1.62169,0.872625,0.0488568,-0.319175
adam,2.6,1.0292,2.05841,62,80,80,True,0.993765,inside,1,1.99754,0.970431,0.494545,-0.629644
adam,2.7,1.1292,2.25841,64,84,80,True,0.992371,inside,0.952381,2.01262,0.891168,1.2171,-1.32626
adam,2.8,1.2292,2.45841,66,86,80,True,0.991772,inside,0.930233,1.95202,0.794019,1.67634,-1.81625
adam,2.9,1.3292,2.65841,70,88,70,True,0.963763,inside,0.795455,0.628925,0.23658,2.75895,-2.76922
adam,3,1.4292,2.85841,72,92,70,True,0.969114,below,0.76087,0.694634,0.243014,2.77288,-2.78074
adam,3.1,1.5292,3.05841,74,94,70,True,0.939961,below,0.744681,0.155536,0.0508553,2.80123,2.79711
adam,3.14159,1.5708,3.14159,74,96,70,True,0.939891,below,0.729167,0.0707575,0.0225228,2.80084,2.79762
