method,alpha,exchange_angle,abs_exchange_angle,weyl_a,min_cnots,t_syn_generic_ns,t_syn_target_ns,t_exchange_bangbang_ns,runtime_ns,min_cost_time_ns,nominal_fidelity,nominal_cost,nominal_leakage,avg_fidelity_1mhz,converged,speedup_generic,speedup_target
trpo_curriculum,0,-1.5708,1.5708,0,0,215,20,25,180,90,0.557679,4.95937,0.00482712,0.613331,False,1.19444,0.111111
trpo_curriculum,0.157,-1.4138,1.4138,0.157,2,215,150,22.5013,142,142,0.988032,0.398803,0.00355245,0.950951,True,1.51408,1.05634
trpo_curriculum,0.314,-1.2568,1.2568,0.314,2,215,150,20.0025,140,140,0.990454,0.398472,0.00411773,0.953308,True,1.53571,1.07143
trpo_curriculum,0.471,-1.0998,1.0998,0.471,2,215,150,17.5038,180,142,0.953806,0.979484,0.00479958,0.917915,False,1.19444,0.833333
trpo_curriculum,0.628,-0.942796,0.942796,0.628,2,215,150,15.0051,180,146,0.947983,0.955999,0.00508645,0.914885,False,1.19444,0.833333
trpo_curriculum,0.785,-0.785796,0.785796,0.785,2,215,150,12.5063,180,174,0.949161,0.943934,0.00768222,0.905538,False,1.19444,0.833333
trpo_curriculum,0.942,-0.628796,0.628796,0.628796,2,215,150,10.0076,148,148,0.990469,0.399847,0.00523236,0.950382,True,1.4527,1.01351
trpo_curriculum,1.099,-0.471796,0.471796,0.471796,2,215,150,7.50887,76,76,0.984967,0.398607,0.00274484,0.967406,True,2.82895,1.97368
trpo_curriculum,1.256,-0.314796,0.314796,0.314796,2,215,150,5.01014,140,140,0.989412,0.399676,0.00552984,0.953485,True,1.53571,1.07143
trpo_curriculum,1.413,-0.157796,0.157796,0.157796,2,215,150,2.51141,132,132,0.987988,0.399414,0.00572231,0.954235,True,1.62879,1.13636
trpo_curriculum,1.57,-0.000796327,0.000796327,0.000796327,2,215,150,0.0126739,2,2,0.999999,0.00510511,4.13748e-10,0.999434,True,107.5,75
trpo_curriculum,1.727,0.156204,0.156204,0.156204,2,215,150,2.48606,124,124,0.986149,0.393568,0.00470193,0.957517,True,1.73387,1.20968
trpo_curriculum,1.884,0.313204,0.313204,0.313204,2,215,150,4.98479,108,108,0.982116,0.39857,0.00360908,0.958239,True,1.99074,1.38889
trpo_curriculum,2.041,0.470204,0.470204,0.470204,2,215,150,7.48352,106,106,0.982483,0.395643,0.00366985,0.959453,True,2.0283,1.41509
trpo_curriculum,2.198,0.627204,0.627204,0.627204,2,215,150,9.98226,110,110,0.983742,0.398814,0.00413276,0.954478,True,1.95455,1.36364
trpo_curriculum,2.355,0.784204,0.784204,0.784204,2,215,150,12.481,118,118,0.986337,0.399315,0.00514919,0.957331,True,1.82203,1.27119
trpo_curriculum,2.512,0.941204,0.941204,0.629593,2,215,150,14.9797,136,136,0.991855,0.399096,0.00629678,0.956719,True,1.58088,1.10294
trpo_curriculum,2.669,1.0982,1.0982,0.472593,2,215,150,17.4785,144,144,0.991774,0.396756,0.00629336,0.954677,True,1.49306,1.04167
trpo_curriculum,2.826,1.2552,1.2552,0.315593,2,215,150,19.9772,180,158,0.933953,1.20682,0.00827046,0.894427,False,1.19444,0.833333
trpo_curriculum,2.983,1.4122,1.4122,0.158593,2,215,150,22.4759,180,154,0.921264,1.34814,0.0076519,0.887174,False,1.19444,0.833333
trpo_curriculum,3.14,1.5692,1.5692,0.00159265,2,215,150,24.9747,180,152,0.940043,1.10714,0.00787948,0.901951,False,1.19444,0.833333
adam,0,-1.5708,1.5708,0,0,215,20,25,70,70,0.939891,0.729571,0.000462977,0.936087,True,3.07143,0.285714
adam,0.1,-1.4708,1.4708,0.1,2,215,150,23.4085,70,70,0.967055,0.481934,0.000999368,0.953648,True,3.07143,2.14286
adam,0.2,-1.3708,1.3708,0.2,2,215,150,21.8169,70,70,0.968936,0.464578,0.00103258,0.957213,True,3.07143,2.14286
adam,0.3,-1.2708,1.2708,0.3,2,215,150,20.2254,80,80,0.989385,0.260146,0.000670043,0.968405,True,2.6875,1.875
adam,0.4,-1.1708,1.1708,0.4,2,215,150,18.6338,80,80,0.992426,0.225312,0.000721731,0.969184,True,2.6875,1.875
adam,0.5,-1.0708,1.0708,0.5,2,215,150,17.0423,80,80,0.987323,0.32125,0.000643266,0.96679,True,2.6875,1.875
adam,0.6,-0.970796,0.970796,0.6,2,215,150,15.4507,80,80,0.990304,0.273096,0.00035486,0.968548,True,2.6875,1.875
adam,0.7,-0.870796,0.870796,0.7,2,215,150,13.8592,70,70,0.982575,0.422279,0.000420415,0.960407,True,3.07143,2.14286
adam,0.8,-0.770796,0.770796,0.770796,2,215,150,12.2676,70,70,0.993032,0.216935,0.000378593,0.973152,True,3.07143,2.14286
adam,0.9,-0.670796,0.670796,0.670796,2,215,150,10.6761,60,60,0.971096,0.53935,0.000402118,0.95916,True,3.58333,2.5
adam,1,-0.570796,0.570796,0.570796,2,215,150,9.08451,60,60,0.990487,0.243066,0.000390222,0.975338,True,3.58333,2.5
adam,1.1,-0.470796,0.470796,0.470796,2,215,150,7.49296,50,50,0.970372,0.533351,0.000383119,0.964168,True,4.3,3
adam,1.2,-0.370796,0.370796,0.370796,2,215,150,5.90141,50,50,0.989573,0.213041,0.000285076,0.977533,True,4.3,3
adam,1.3,-0.270796,0.270796,0.270796,2,215,150,4.30986,40,40,0.985272,0.256567,0.000412562,0.977461,True,5.375,3.75
adam,1.4,-0.170796,0.170796,0.170796,2,215,150,2.71831,40,40,0.998723,0.085779,0.000367349,0.987101,True,5.375,3.75
adam,1.5,-0.0707963,0.0707963,0.0707963,2,215,150,1.12676,40,40,0.999043,0.0798232,0.000237168,0.988087,True,5.375,3.75
adam,1.6,0.0292037,0.0292037,0.0292037,2,215,150,0.464791,40,40,0.999043,0.0790487,0.000170084,0.98838,True,5.375,3.75
adam,1.7,0.129204,0.129204,0.129204,2,215,150,2.05634,40,40,0.999082,0.0799553,0.000307625,0.989202,True,5.375,3.75
adam,1.8,0.229204,0.229204,0.229204,2,215,150,3.64789,40,40,0.99356,0.150462,0.000406783,0.985683,True,5.375,3.75
adam,1.9,0.329204,0.329204,0.329204,2,215,150,5.23944,40,40,0.952195,0.633734,0.00027131,0.949952,True,5.375,3.75
adam,2,0.429204,0.429204,0.429204,2,215,150,6.83099,50,50,0.979082,0.393908,0.000285901,0.970181,True,4.3,3
adam,2.1,0.529204,0.529204,0.529204,2,215,150,8.42254,60,60,0.995168,0.171129,0.000338815,0.977831,True,3.58333,2.5
adam,2.2,0.629204,0.629204,0.629204,2,215,150,10.0141,60,60,0.98205,0.380639,0.000367028,0.966689,True,3.58333,2.5
adam,2.3,0.729204,0.729204,0.729204,2,215,150,11.6056,70,70,0.995092,0.176236,0.000338198,0.978536,True,3.07143,2.14286
adam,2.4,0.829204,0.829204,0.741593,2,215,150,13.1972,70,70,0.987229,0.293656,0.000392587,0.970367,True,3.07143,2.14286
adam,2.5,0.929204,0.929204,0.641593,2,215,150,14.7887,70,70,0.96864,0.585061,0.000542618,0.956807,True,3.07143,2.14286
adam,2.6,1.0292,1.0292,0.541593,2,215,150,16.3803,80,80,0.993765,0.216272,0.000531515,0.970024,True,2.6875,1.875
adam,2.7,1.1292,1.1292,0.441593,2,215,150,17.9718,80,80,0.992371,0.232098,0.000695485,0.969511,True,2.6875,1.875
adam,2.8,1.2292,1.2292,0.341593,2,215,150,19.5634,80,80,0.991772,0.241758,0.000742193,0.97174,True,2.6875,1.875
adam,2.9,1.3292,1.3292,0.241593,2,215,150,21.1549,70,70,0.963763,0.523739,0.00108573,0.952464,True,3.07143,2.14286
adam,3,1.4292,1.4292,0.141593,2,215,150,22.7465,70,70,0.969114,0.464895,0.000971295,0.957041,True,3.07143,2.14286
adam,3.1,1.5292,1.5292,0.0415927,2,215,150,24.338,70,70,0.939961,0.72878,0.000462152,0.937702,True,3.07143,2.14286
adam,3.14159,1.5708,1.5708,0,0,215,20,25,70,70,0.939891,0.729571,0.000462977,0.93558,True,3.07143,0.285714
