pair,fidelity_crossings_mhz,variance_crossings_mhz,share_a_higher_fidelity,share_a_lower_variance
adam70_vs_adam60,2.102 2.104 2.104 2.108 2.110 2.112 2.181 2.187 2.218 2.218 2.220 2.220 2.228 2.338 2.338 2.340 2.342 2.356 2.357,1.922 1.924 1.929 1.931 2.270 2.340 2.345 2.349 2.361 2.361 2.401 2.401 2.402,0.6221699500147015,0.6539253160835049
adam70_vs_nominal,,,1.0,1.0
adam70_vs_noise,,,1.0,1.0
adam70_vs_noise91,,,1.0,1.0
adam60_vs_nominal,0.787,0.645 0.649 0.650,0.7980005880623346,0.8391649514848574
adam60_vs_noise,0.810 0.811 0.814,0.435 0.435 0.436 0.443 0.447 0.458 0.459 0.459 0.461 0.472 0.485 0.500 0.511 0.520 0.522 0.523 0.547 0.547 0.551 0.581 0.582,0.7903557777124375,0.8841517200823287
adam60_vs_noise91,0.619 0.619 0.620,,0.8471037930020582,1.0
nominal_vs_noise,0.719 0.721 0.722 0.722 0.729 0.729 0.732,0.718 0.721 0.768 0.780 0.795,0.18523963540135255,0.200235224933843
nominal_vs_noise91,1.155 1.161 1.163,1.276 1.277 1.305 1.305 1.310 1.315 1.316 1.402 1.404 1.411 1.411,0.310790943840047,0.35636577477212583
noise_vs_noise91,,,1.0,1.0
best_of_four:adam70,,,0.6221699500147015,0.6539253160835049
best_of_four:adam60,,,0.37783004998529846,0.34607468391649515
best_of_four:nominal,,,0.0,0.0
best_of_four:noise,,,0.0,0.0
