sigma_mhz,adam70_fidelity_ewma,adam70_variance_ewma,adam60_fidelity_ewma,adam60_variance_ewma,nominal_fidelity_ewma,nominal_variance_ewma,noise_fidelity_ewma,noise_variance_ewma,noise91_fidelity_ewma,noise91_variance_ewma
0.1,0.9970078818931164,2.538903631550337e-07,0.9856627593805996,1.7282938537564257e-06,0.995049095082678,1.172927207109294e-06,0.9924587892346496,1.581739071451183e-06,0.9900856452525992,2.295520375186381e-06
0.5,0.9926181654695594,9.867124568138486e-06,0.9815945450814696,3.697142719929309e-05,0.9874193891712612,3.51924544993771e-05,0.986058947671567,3.688933762675937e-05,0.9833143421187284,4.971583034231713e-05
1.0,0.9782223098408562,0.0001077738718767,0.969121604884743,0.0001978462428582,0.9630939632966772,0.0002911724934216,0.965882876670522,0.000266096436325,0.9620335293828456,0.0003130846434718
1.5,0.9543495788611626,0.0004770012652998,0.9479933214563342,0.0006280566144264,0.9238441127058068,0.0012042252453504,0.9325130542312504,0.0009246153458341,0.926872294919242,0.0011094333189755
2.0,0.9220611506516586,0.0014076271117169,0.9192712475649608,0.0014721529931434,0.8721577746426207,0.0031133555632833,0.8883492918189081,0.0023065854794098,0.8801396445686417,0.0026972071234673
2.5,0.8825161018341111,0.0031125188699363,0.8856697013263093,0.002901625768152,0.8103875370848173,0.0062717617670716,0.8344950994365332,0.0049363635803256,0.8247353623105255,0.0055130166172913
3.0,0.8366658597471294,0.0053811669312557,0.8453049169628462,0.0047754073975892,0.7448754977832712,0.0094024767700848,0.7761165738065635,0.0076524632236507,0.7622447768500604,0.0089256033108554
3.5,0.7847962710543133,0.0085245973733552,0.7988523150421445,0.007610228371253,0.6763774505519771,0.0136351192638423,0.7127726313678956,0.0108625639503372,0.6970051005204616,0.0119444496683856
loss_0.1_to_3.5,0.21221161083880313,,0.18681044433845506,,0.31867164453070096,,0.279686157866754,,0.2930805447321376,
