sigma_mhz,adam_fidelity_raw,adam_fidelity_ewma,adam_variance_raw,adam_variance_ewma,nominal_fidelity_raw,nominal_fidelity_ewma,nominal_variance_raw,nominal_variance_ewma,noise_fidelity_raw,noise_fidelity_ewma,noise_variance_raw,noise_variance_ewma
0.1,0.9749292525319736,0.9749292525319736,1.8572218153796984e-06,1.8572218153796984e-06,0.995049095082678,0.995049095082678,1.172927207109294e-06,1.172927207109294e-06,0.9986827176040952,0.9986827176040952,1.7872324433687378e-07,1.7872324433687378e-07
0.11,0.9748101179552286,0.9748684938978336,1.4421914652240089e-06,1.6471127006133808e-06,0.9948872005816928,0.9949665288871755,1.0750832353209875e-06,1.1233936963914638e-06,0.998685075886362,0.9986839203280512,1.754320311858878e-07,1.7705706767918715e-07
0.12,0.9745140637459068,0.9747455939078108,2.407179803645476e-06,1.9068283541206762e-06,0.9946449601601955,0.9948550237200146,1.109794902563897e-06,1.1187469755799088e-06,0.9986003199038892,0.9986549315661202,2.2041494408264277e-07,1.918724953695716e-07
0.13,0.9750137291540544,0.9748167022815603,4.246000895376351e-06,2.51373166732245e-06,0.994862917326186,0.9948571170721782,1.7193324339548569e-06,1.2745701558370175e-06,0.9985140271406108,0.9986175642871352,3.5742549585743764e-07,2.3482557503108543e-07
0.14,0.9749020192475172,0.9748351574823582,3.3720281504653213e-06,2.694079844966078e-06,0.9944991127795326,0.994779675955594,2.320179565525625e-06,1.4942771629936344e-06,0.9984942984226916,0.9985909002320518,3.646044840991042e-07,2.6209516101527875e-07
0.15,0.9749432467944515,0.9748550208837303,4.288144437873324e-06,2.976635287947679e-06,0.9944838745893948,0.9947253170078916,1.438818571634218e-06,1.4844468669576899e-06,0.998331566555177,0.9985432428937513,3.492657932846712e-07,2.7754656538462324e-07
0.16,0.9748068319334836,0.9748472837068279,3.779994692911422e-06,3.100185314132184e-06,0.9942749499995488,0.9946530064637366,2.34257997261627e-06,1.6164206348862465e-06,0.9983413029815456,0.9985108195930482,3.673235412647726e-07,2.9135352109115254e-07
0.17,0.9747147107262214,0.9748283012935043,4.023668761024655e-06,3.225970509123108e-06,0.9942487590989176,0.9945951244539266,4.133827655521313e-06,1.9593098702349043e-06,0.998309857162784,0.9984820448616033,4.027811188264837e-07,3.065307743009124e-07
0.18,0.9738844150515203,0.9747058793685008,5.507962565558225e-06,3.5056102177791806e-06,0.9943166714749672,0.9945590091381279,3.053535419996837e-06,2.09339837991073e-06,0.9981736483648564,0.998442045875373,4.330270421024467e-07,3.2203187097403626e-07
0.19,0.9741073918370038,0.9746346965330444,5.186796299101126e-06,3.6932639758804807e-06,0.9944382712949332,0.9945446488355766,4.428162859317641e-06,2.3540044684988685e-06,0.997963801280572,0.9983851644793403,6.767983056464529e-07,3.6163085139274796e-07
0.2,0.9748862259752712,0.9746624040098035,6.473067280629145e-06,3.9787300941162974e-06,0.9939207244848216,0.9944759198259824,2.96864918012867e-06,2.417124128664535e-06,0.997889454687469,0.9983305590724505,7.351368303009552e-07,3.9998727098353444e-07
0.21,0.974137079902185,0.9746083696245441,6.5935830571022205e-06,4.227827030039255e-06,0.9934105318856666,0.9943663349400369,5.297298744465643e-06,2.691496218367003e-06,0.9979017948772888,0.9982864567566212,1.096468459114004e-06,4.663356784646073e-07
0.22,0.9734523761805935,0.9744965798234231,9.26800892591773e-06,4.676316103535341e-06,0.9936603657411368,0.994298064521415,5.164063965024369e-06,2.9115120115988833e-06,0.9976447280547924,0.9982243986849888,1.3081553462095223e-06,5.412430787603053e-07
0.23,0.9732457721140726,0.9743821968010034,9.226448775579586e-06,5.056741218968485e-06,0.9935573648372936,0.9942303295147136,5.893440906490151e-06,3.1608235648689955e-06,0.9975359629000234,0.9981614430721977,9.260997164135188e-07,5.734199714702619e-07
0.24,0.9741534954207404,0.97436232082576,1.180344239823367e-05,5.589431823315629e-06,0.992991763317951,0.994122688227041,5.686589669257729e-06,3.3602472293883876e-06,0.9975609946694076,0.9981092593137307,9.465133577348732e-07,6.028778259277887e-07
0.25,0.9741078887094418,0.9743412152190132,1.1502071397066693e-05,6.032239808762373e-06,0.9931409054658826,0.9940412475615792,8.247936290398229e-06,3.726294866759049e-06,0.9974731182724142,0.9980564902574975,1.5051527755443992e-06,6.704507851408805e-07
0.26,0.974153720283946,0.9743263138992713,1.2377662738456555e-05,6.4847438182572425e-06,0.9929119340895408,0.9939514944110226,9.156868916599195e-06,4.113559286899108e-06,0.997412065069642,0.9980052740165334,1.1977177481488072e-06,7.080511811237482e-07
0.27,0.9744115418201268,0.9743328253104169,1.4373922774603588e-05,7.022275939597318e-06,0.992890711141164,0.993870450594194,9.275947349002805e-06,4.465300503768198e-06,0.9973541614461188,0.9979555290314918,1.5791659599254162e-06,7.674049082442709e-07
0.28,0.9737134499574422,0.974287201535717,1.401425915887519e-05,7.478842227168346e-06,0.9923442004425672,0.9937580255635257,1.353424779254812e-05,5.057489510229118e-06,0.9970271366972924,0.9978871427734899,1.3543415274845853e-06,8.057310118520707e-07
0.29,0.9734167728846608,0.9742252199106742,1.475863117049586e-05,7.935652048963596e-06,0.9929180230215704,0.9936982105258115,1.0463912986412662e-05,5.3967448600657e-06,0.9967238122496276,0.9978043041442198,2.1756178885588127e-06,8.91691990240274e-07
0.3,0.9732897340567508,0.9741606707686494,1.3773645924109713e-05,8.288557376933449e-06,0.9920687292120576,0.9935857752385144,1.0790106965313748e-05,5.7227723043074255e-06,0.9964430612462846,0.9977103774848475,1.716967145502647e-06,9.415796752159539e-07
0.31,0.9733099308428816,0.9741036670072392,1.6444524430926467e-05,8.764562446424327e-06,0.991854474681717,0.9934697695816972,8.804391056423931e-06,5.902624201517758e-06,0.996284477205544,0.9976148351494586,3.249506822052376e-06,1.076276764431378e-06
0.32,0.9732159674043191,0.9740457949847943,1.825716592621872e-05,9.300530541260498e-06,0.9918270763091016,0.9933626770679356,1.13425326081628e-05,6.209770428682823e-06,0.9960264591067683,0.9975112837524643,3.4068934524836053e-06,1.2078672378718419e-06
0.33,0.9731437973162,0.9739884797355343,1.905116576349989e-05,9.83411538655035e-06,0.9917214144373026,0.9932583870236802,2.1433539596949814e-05,7.042862051047147e-06,0.9960052879099188,0.9974155889074492,2.1884811624093727e-06,1.2615294575413887e-06
0.34,0.9730621039496206,0.9739310134145301,2.4118467559467955e-05,1.0593008345764077e-05,0.9913816493886868,0.9931419664425154,1.3335060697270896e-05,7.377151292364418e-06,0.9963306755367743,0.9973482879471164,4.194018397460211e-06,1.4173254770273718e-06
0.35,0.9733018861099836,0.9738928570968488,2.276828455717625e-05,1.1221966042293584e-05,0.9903269388167372,0.9929712361505783,2.0678567641741877e-05,8.064283809312387e-06,0.9956930904712264,0.9972479008867251,4.642982713954809e-06,1.5839584067698586e-06
0.36,0.9726359182351518,0.9738182239414495,2.333643983096536e-05,1.1831349384244903e-05,0.9904906231002976,0.992823944993539,1.811151303551206e-05,8.569680430743666e-06,0.9954621498620868,0.9971418684950253,5.623635440123942e-06,1.787162601515093e-06
0.37,0.97273788901639,0.9737553447062839,3.745574503930586e-05,1.3088123127353329e-05,0.9898095332124414,0.9926484957852673,2.4377949134084597e-05,9.345012551657028e-06,0.9952673982050304,0.9970327678305537,5.411073799547178e-06,1.964900898345668e-06
0.38,0.9710166273026024,0.9735989121720708,2.842322220152877e-05,1.3822365966420943e-05,0.9909714940412124,0.9925527072850189,2.262176924556333e-05,9.98070218635656e-06,0.9954084800565458,0.9969399902944568,3.868293463755667e-06,2.0560351228020542e-06
0.39,0.9724843169867026,0.9735363674689804,2.642491388224672e-05,1.4412099505425238e-05,0.9901527166412016,0.9924180335449854,2.4677791293236235e-05,1.066844933319958e-05,0.994882047506444,0.9968245103225866,5.206994227000519e-06,2.2034835813350526e-06
0.4,0.9719956101276968,0.9734513457321247,2.1704348249297435e-05,1.4745959282750549e-05,0.9897543483251192,0.9922710466459054,2.307865614680338e-05,1.1236623709702089e-05,0.9949351553312032,0.9967202523459406,5.989167865006291e-06,2.3768029175730637e-06
0.41,0.971650896975398,0.9733535550947527,1.9871344791127412e-05,1.4975766949349377e-05,0.9895337605324674,0.9921223720709129,1.8893217952744052e-05,1.15799235559696e-05,0.9946550281389414,0.9966080805383489,7.328265229499034e-06,2.5988123641397668e-06
0.42,0.9718425826589492,0.9732727079486169,2.855066393426986e-05,1.5572406827807186e-05,0.9898372787808708,0.9920001042738464,2.619357900065015e-05,1.2222218640641254e-05,0.9947374637000193,0.9965079900077021,6.104115419475317e-06,2.752876412744806e-06
0.43,0.9706960012978186,0.9731367794394088,2.701943991697485e-05,1.6066016366964186e-05,0.9897228268095954,0.991879971494792,2.592328813226962e-05,1.2813024882314524e-05,0.993606500572068,0.9963549282948577,1.1629582702109368e-05,3.1356504352005996e-06
0.44,0.9709673343612708,0.9730238636757794,4.34264194179574e-05,1.7224478893224172e-05,0.9883852888593712,0.9916980794697773,2.029743860018157e-05,1.3129921267467023e-05,0.99343800071019,0.9962031073942074,1.251688091863154e-05,3.5328596409644044e-06
0.45,0.9717716642292828,0.9729595146792857,3.197840509039009e-05,1.7838338262327756e-05,0.9890144249120651,0.9915601697476415,1.932123630240391e-05,1.3387520274706054e-05,0.9934194041265884,0.9960600562913585,1.2798478933243687e-05,3.91836971720466e-06
0.46,0.9708231373086292,0.9728510492214817,3.905710297040398e-05,1.8706492043121603e-05,0.987564838341246,0.9913573238197522,3.153858006719968e-05,1.4130160640489026e-05,0.9933364492963436,0.9959217767515874,1.041238645345807e-05,4.184068746327268e-06
0.47,0.9709503106509684,0.9727556496665718,3.893478610169452e-05,1.9520908928124825e-05,0.9884516365004504,0.9912114851014405,3.726821792127593e-05,1.506172829918926e-05,0.993396023311275,0.9957950072117062,1.0322639585815806e-05,4.431215427455779e-06
0.48,0.9717549613609188,0.9727059695818197,3.716597899499788e-05,2.0220430433880565e-05,0.9867129631505784,0.9909881518711866,5.158276631586293e-05,1.6509569050649274e-05,0.9925973141553392,0.995636254819823,1.7303925478689497e-05,4.941541398623305e-06
0.49,0.9720274554118168,0.9726726318463832,4.470800670668393e-05,2.1176914409318018e-05,0.9873207019224836,0.9908079574382309,3.765396344312781e-05,1.7335468444751294e-05,0.9919240100195648,0.9954538594617043,1.7588883071620766e-05,5.435546175059253e-06
0.5,0.9696017598397132,0.9725232310603428,4.553267580104392e-05,2.2114773960315967e-05,0.9877098217624134,0.990657230249269,2.372418037051074e-05,1.758147654122507e-05,0.992501315426188,0.9953102154417756,1.12051503724719e-05,5.657714487311628e-06
0.51,0.970260458569041,0.9724141740488331,5.104942117902e-05,2.3213768248517404e-05,0.9863308468073586,0.9904487150535821,3.992622589060442e-05,1.843017366618558e-05,0.9911282184479844,0.9951086591226856,2.5258795753177776e-05,6.402201751695284e-06
0.52,0.97059633222424,0.9723273408062012,5.210630452472845e-05,2.429676935656005e-05,0.9873139295828172,0.9902989750796749,3.306612639152609e-05,1.8978784313145446e-05,0.991518813621325,0.9949371821981186,3.363873842936099e-05,7.4231297560478456e-06
0.53,0.9697731284976592,0.9722063677008675,5.373940065542375e-05,2.5386450451845143e-05,0.9850480436832932,0.9900502794349196,4.7400915330650346e-05,2.0030696370295256e-05,0.9913693566249848,0.9947682021421429,2.088727011163577e-05,7.921441848497119e-06
0.54,0.9681243845125004,0.972014598262568,5.857115619882733e-05,2.659968116735678e-05,0.9855279953363651,0.9898378248898148,4.269351711737226e-05,2.085924764449146e-05,0.9916768764799364,0.9946229732770334,2.0538178929637974e-05,8.382708947656698e-06
0.55,0.9689351678198286,0.971871042763613,6.753063079757766e-05,2.8078561852230964e-05,0.9845428180452273,0.9895909846498163,5.446648357473635e-05,2.20735144166592e-05,0.9914843591576574,0.9944766587801444,2.035281932869996e-05,8.815202334647808e-06
0.56,0.9687206797653664,0.9717252596295077,6.617540278391978e-05,2.9439474536161244e-05,0.9857163743981452,0.9894116869542049,3.5440797681611404e-05,2.25510265908991e-05,0.991367347017889,0.9943327752931099,1.0774817431981511e-05,8.885204596682202e-06
0.57,0.9687379945546776,0.9715879928691677,6.84599806574478e-05,3.0818174238171914e-05,0.9850326699048996,0.9892104682913899,6.62242581915768e-05,2.4094119630403528e-05,0.9906315430383192,0.9941627012795377,2.08594021890941e-05,9.308285286644582e-06
0.58,0.9687413676681598,0.9714580636698422,5.9905157610799774e-05,3.183507461408514e-05,0.9836828476137556,0.9889581697701214,6.579355193620506e-05,2.5551959649215585e-05,0.9906060352121996,0.9940003635140201,2.165648696990137e-05,9.73998666910464e-06
0.59,0.9680692243022404,0.9713043739080954,7.395638641622666e-05,3.329269506541087e-05,0.9841430087435614,0.9887397938394062,4.765841613977948e-05,2.6316960113549415e-05,0.9890250895410648,0.9937747261825967,2.8207011347120932e-05,1.0379043519286712e-05
0.6,0.9682730126725804,0.9711677348263745,8.616587808276836e-05,3.510442581398379e-05,0.9827638164313116,0.9884704257232414,7.168457438432458e-05,2.7871508129634917e-05,0.989711587124877,0.9935915795541955,3.414771684967131e-05,1.1193491106285704e-05
0.61,0.9673516777135996,0.9709967274677838,8.688788300014091e-05,3.6861989148314416e-05,0.9825879058842044,0.9882068148416949,5.509435702420028e-05,2.8795468862907495e-05,0.988856291055052,0.9933793790670244,2.6745579604655072e-05,1.1721338839949686e-05
0.62,0.9672410128419898,0.9708293609440035,9.534162842232462e-05,3.88286350939498e-05,0.9819306184759086,0.9879271276788073,7.430483747681889e-05,3.0325930000904827e-05,0.989058894682449,0.9931868446163165,3.091836699398871e-05,1.2366926912244241e-05
0.63,0.9669741150490953,0.9706584728123746,8.944988349640947e-05,4.0515925242318506e-05,0.982082729065204,0.9876680681047105,7.160357409903385e-05,3.1701782324437376e-05,0.9881037231575291,0.9929615295125296,3.206296250046729e-05,1.302342843796152e-05
0.64,0.9659280656040278,0.9704498582792698,7.056881684158307e-05,4.150905699596504e-05,0.9812986023875984,0.9873871698525775,6.547258980219955e-05,3.281777680841808e-05,0.986928637823318,0.9926954744294076,5.8943320665556135e-05,1.4540903152320347e-05
0.65,0.9675700007721894,0.9703234717933963,8.436918562415905e-05,4.291368303571584e-05,0.9818406095067572,0.9871437514650117,5.793527116419801e-05,3.364093548186672e-05,0.986594864903892,0.992427740835742,4.8036509699740976e-05,1.5638632036475052e-05
0.66,0.968689795835746,0.9702521090022654,8.88933787399428e-05,4.44084652548386e-05,0.9821382492739236,0.986925099408773,8.873698547153582e-05,3.543208687178087e-05,0.988550522787602,0.9922583748727783,2.2109602957914217e-05,1.5849000811772067e-05
0.67,0.96799184406454,0.9701538143854748,8.523275392685033e-05,4.5725351419765887e-05,0.9778219744193484,0.9865292218426092,0.0001180268924044,3.8096382080317705e-05,0.9881921432868808,0.9920815422064628,4.7138939430262925e-05,1.6858333456834512e-05
0.68,0.9653110748425432,0.9699441088151501,0.0001002869295669,4.7472150691498805e-05,0.9802879286689552,0.9862589545831496,0.0001226310288706,4.080277482891566e-05,0.98703962002541,0.9918632114130892,4.632481656663208e-05,1.7801708501777715e-05
0.69,0.966422261283988,0.9697922227652471,8.854573557992493e-05,4.877756863986976e-05,0.9802054917222456,0.9859978880395124,6.839003301750049e-05,4.16795646704537e-05,0.9872995896421428,0.9916663969633132,4.324010633189958e-05,1.861020235970243e-05
0.7,0.9647272458097192,0.9695746374686525,7.899058404323703e-05,4.973105020407967e-05,0.97845001633078,0.9856736405811679,0.0001029890154376,4.361440732809169e-05,0.9860870069926522,0.9914267131044836,5.1866943336713866e-05,1.965973975224454e-05
0.71,0.966584269901887,0.9694466539433453,0.0001038148871977,5.142622113422054e-05,0.9786182807374962,0.985371681104634,9.39365927437366e-05,4.519167533642148e-05,0.9845964442611376,0.9911343872061281,6.87263432104472e-05,2.1197653562481522e-05
0.72,0.9654445334496464,0.969275980323709,0.0001375292858871,5.410714965824316e-05,0.979625075075523,0.9851266125083346,0.0001125616329161,4.7289324722722955e-05,0.9857208480715745,0.9909035225131256,8.025394125705654e-05,2.3036446254212945e-05
0.73,0.9646914261177192,0.9690811366893082,0.0001110262253421,5.5868048689099405e-05,0.9770335687732434,0.9847826580072294,0.0001157757837676,4.9408082589219784e-05,0.9862864762927596,0.9907072979675421,4.090580937737984e-05,2.358926872765531e-05
0.74,0.9638601423447696,0.9688599707201422,7.411853743104461e-05,5.6429157580843215e-05,0.9757105450354608,0.9843983552240088,0.0001735924913836,5.3226116011542774e-05,0.9844813610508754,0.9904435617362277,4.972403697986711e-05,2.4392778762774353e-05
0.75,0.9633894844368548,0.9686289626179393,0.0001168790048259,5.827649734379802e-05,0.9780253080949148,0.9841292337151878,8.016924585448168e-05,5.404949468602545e-05,0.9840313801860272,0.9901727876561578,5.649790630900062e-05,2.537390744074184e-05
0.76,0.9630455588218216,0.9683938943434917,0.0001060323954876,5.9727396982755173e-05,0.9750674543462676,0.9837477214840361,0.0002388451582212,5.966387891761654e-05,0.984873309103388,0.9899496729891265,6.371085753175505e-05,2.6538644556108782e-05
0.77,0.9637331955734212,0.9681982376828584,0.0001088918187401,6.121263844097642e-05,0.9751873529297928,0.9833883562455296,0.0001499126652699,6.239026589123204e-05,0.9849269715616394,0.989738819416059,6.407726858710372e-05,2.7672674383014752e-05
0.78,0.9642452194200524,0.9680327470166349,0.000158633898105,6.413955188817701e-05,0.975750489812046,0.9830686016882342,0.0001119630449789,6.387962493080092e-05,0.9828961996286782,0.9894523573680633,7.847756013324063e-05,2.9199050697575376e-05
0.79,0.9640125134223614,0.9678648870321123,0.0001165613192202,6.570612050641996e-05,0.9756478602009896,0.9827587576152504,0.0001047423079603,6.51007626403668e-05,0.9822945095077008,0.9891534901000597,8.894647355588304e-05,3.098453871971497e-05
0.8,0.9632521438827862,0.9676727751284638,0.0001719284779364,6.886406452775671e-05,0.9752218455472148,0.9824448596855048,0.0001108010298522,6.645941150776963e-05,0.9822971014879198,0.9888679346668193,9.526626590496984e-05,3.289560622901675e-05
0.81,0.9593278938841464,0.9673260701560318,0.0001488073954366,7.122883046534786e-05,0.9699260326321688,0.9819247396908238,0.0001906357234464,7.013261237880919e-05,0.9793298667170742,0.9884716563389734,0.0001247488988909,3.561267512360774e-05
0.82,0.9620147110338704,0.9671059122589533,0.0001212143288937,7.270023395895122e-05,0.9705312519361956,0.9814524752013106,0.0001525332391033,7.255820727832411e-05,0.982579982900362,0.9882274441882444,6.296833738307102e-05,3.641793301407576e-05
0.83,0.9641414637865484,0.9669833087015953,0.0001275145501231,7.430616094048695e-05,0.9696295742878912,0.9809635040743818,0.0002442521469721,7.758842474003065e-05,0.9814632099637396,0.9879476892232161,0.0001552511982454,3.9899460474301435e-05
0.84,0.9616140006497756,0.9667617197503404,0.0001606592623039,7.68244980739028e-05,0.9712413333539064,0.9805622744200057,0.0001723795726426,8.035284273907306e-05,0.9808294060449092,0.987653920847665,0.0001372373683076,4.2738150271370654e-05
0.85,0.9617049398076158,0.96655345644031,0.0001304639890714,7.838183574410963e-05,0.9711357563544244,0.9801740435939393,0.0002877999811774,8.637574186169326e-05,0.9805687737755644,0.9873621193063677,0.0001490538512215,4.582485827223157e-05
0.86,0.962800825844266,0.9663992082346514,0.0001262097261195,7.976443944850344e-05,0.9697774249366528,0.9797467007655528,0.000145837575581,8.809465839606472e-05,0.9787644165179238,0.9870087191530721,0.000174795006308,4.955311396218408e-05
0.87,0.9584670785050172,0.966073780326853,0.0001719894665214,8.241927676142798e-05,0.9697839865769587,0.979337964985265,0.0002041333157783,9.143500718356385e-05,0.9790338923111636,0.9866815395301115,0.000116865880004,5.1490814048546985e-05
0.88,0.9603935401365846,0.9658411609170177,0.0001968205974991,8.569906109136377e-05,0.9705848716350092,0.9789795048953451,0.000170107417594,9.369047536521271e-05,0.9795070606436526,0.9863877274748918,7.84230846020283e-05,5.2262938341879656e-05
0.89,0.9597751555967524,0.9655931741826577,0.0002038562483946,8.907310167734713e-05,0.967437394176203,0.9785076473558703,0.0002069483313255,9.692461296964601e-05,0.9782505365110816,0.9860550677907274,0.0001288773976726,5.445070449605876e-05
0.9,0.9581498743819468,0.9652893877527796,0.0001917421598539,9.199358535735369e-05,0.966532842990742,0.9780189147824191,0.0002999747053597,0.00010270049609919833,0.9778361176241268,0.9857196244261838,0.0001143576824136,5.615479484649161e-05
0.91,0.9571489746206632,0.9649576797292865,0.0002777006913909,9.725637887561685e-05,0.9662969932880036,0.9775412663698202,0.0003405970887604,0.00010944229867539109,0.9755345811818872,0.9853046011946933,0.0001707247549738,5.9401617525623494e-05
0.92,0.9581766392975368,0.9646817866753172,0.0002117754834813,0.00010048996469214388,0.966033964986643,0.9770730809116294,0.00033882174438,0.00011591910553471092,0.97641866915589,0.9849430686316266,7.650730514946425e-05,5.9884617362837106e-05
0.93,0.9593815376203172,0.9644664576112761,0.0002986667307597,0.0001060659599529148,0.9642896390847916,0.9765537380401469,0.0002849742531982,0.0001206757211606779,0.9769073307983162,0.9846166070090556,0.000121484756714,6.161782803077092e-05
0.94,0.9579582856132692,0.964202427630785,0.0001990288688971,0.00010867262807412842,0.9621202253545108,0.9759681849733295,0.0003062058558475,0.00012587796249655274,0.9771100643729708,0.9843120741377105,0.0001817482666953,6.498627022358403e-05
0.95,0.9589829936702436,0.9639909666254535,0.0001707903073377,0.00011040858700174699,0.964640805038374,0.9755092656409027,0.0003008519328361,0.00013076783651491347,0.9742496063689384,0.9839044016646825,0.0001622876369886,6.770548282630395e-05
0.96,0.958065005048782,0.9637511925854946,0.000178248531984,0.00011229831111849475,0.9663242743796302,0.9751376259612983,0.0002053625377034,0.00013284571859241737,0.976622380179584,0.9836097592361148,0.0001206759737329,6.918100899555938e-05
0.97,0.953823678506442,0.9633500090758729,0.0002109737768796,0.00011503830787789763,0.9641409779396624,0.9746932373850379,0.0002390443963287,0.00013579461810463007,0.9752149688797944,0.983270515047603,0.0001581858432216,7.165247396883817e-05
0.98,0.9550727244778144,0.9630159128868779,0.0002529947815464,0.00011885730151676352,0.9625471480175636,0.9742029845586679,0.0003556972122394,0.0001418820932758843,0.9750105315859344,0.9829371171846912,0.0001660668404351,7.426610894633565e-05
0.99,0.9570283120593792,0.9627745122123228,0.0002493202872156,0.00012245808512970218,0.9624776467813302,0.9737302569119223,0.0002364347471066,0.0001444917502958412,0.9748556697876722,0.9826112993973627,0.0001539392471902,7.64650907421544e-05
1.0,0.9569168080405156,0.9625386082982124,0.0002383531972069,0.0001256475178041165,0.9606001204284348,0.9732014745599274,0.0003304675332651,0.00014960980254343585,0.9747366493237966,0.9822941681937174,0.000166438571158,7.894116029440545e-05
1.01,0.9545295767448928,0.9622164057092427,0.0002208501964935,0.0001282601048013243,0.9581862697874444,0.9725974142788066,0.0003936792019842,0.00015630764495893886,0.9725152337601346,0.981900762577709,0.0002536867970916,8.373659446495739e-05
1.02,0.95414555590432,0.9618920451507782,0.0003609584596259,0.0001346283796282838,0.9591919911181208,0.9720586617746775,0.0002957328969743,0.000160123307185349,0.9704691914556232,0.9814413375006837,0.0002390569564994,8.798725946172478e-05
1.03,0.9539212931401106,0.9615720189696397,0.0003171530406721,0.0001396102168729463,0.9550825712077482,0.9713770706992652,0.0005775858908334,0.00017151755186208144,0.9705809648841126,0.9810052928753372,0.0002449674622832,9.227188498365885e-05
1.04,0.9528007791390298,0.9612201819012696,0.0003862925213875,0.0001463256977245211,0.9558130845835456,0.9707527590451708,0.0005222696523552,0.00018106614522043568,0.970407063220208,0.9805801705296043,0.0002588968520713,9.680794920631703e-05
1.05,0.9513153423214344,0.9608232292458636,0.0001853679437046,0.00014738586827845536,0.9613696303830164,0.9703767148085695,0.0002932864863687,0.00018411342639628177,0.9731268959298832,0.9802814683527562,0.0001814440923467,9.910619677132093e-05
1.06,0.953219409553441,0.9605187558644843,0.0003479760001802,0.0001528193988881621,0.9576403474158904,0.9698667231197341,0.0003803440969223,0.00018942886910903035,0.9699472540377108,0.9798676640670579,0.0002083529742452,0.00010206544358864147
1.07,0.9536762880878886,0.9602449949168309,0.0002295281198116,0.00015489229630654634,0.9576221288040204,0.9693768279747447,0.0003674124059048,0.00019423851277793056,0.970976429499987,0.9795119338129507,0.0002265583296951,0.00010542961104066882
1.08,0.9504770077401584,0.9598544964088893,0.0003076333506341,0.00015901021176554104,0.9544152773741396,0.9687787044227417,0.0004798413001097,0.00020193839502807755,0.9662325988598884,0.9789810608304377,0.0004951509066019,0.00011593653961174871
1.09,0.9500914514974768,0.9594644925421603,0.000371389739684,0.0001647230260151377,0.9505777703968749,0.9680516326216203,0.0006610852921751,0.00021428902487638697,0.9683627891406918,0.9785568932623728,0.0001681760631635,0.00011734173481800779
1.1,0.9483205176521212,0.9590196500318315,0.000329119242754,0.00016913539197802312,0.9507796035540932,0.9673621719179949,0.0004756070991982,0.00022130275669757528,0.9699896902013784,0.9782149097103858,0.0002155010566963,0.00011997631400351108
1.11,0.9494077622683544,0.958636234193085,0.0003478866829552,0.00017392276013494508,0.9521673441693654,0.9667560539764198,0.0005574949843301,0.00023030675301208644,0.9675440267887724,0.9777892508152516,0.000205515158449,0.00012226723977998852
1.12,0.9485034741560564,0.9582323131576099,0.0003694288275857,0.00017914793404231178,0.954957946670289,0.9662857473963448,0.0002887780833652,0.00023186948133900685,0.9647071105232692,0.9772677589775236,0.0003535888693688,0.0001284496348273517
1.13,0.9513611541169472,0.9579585860989717,0.0003091115674409,0.00018261434016544946,0.9508746524240372,0.9656718140450423,0.0006319313595856,0.00024253998129444295,0.9654319048352186,0.976796252857279,0.0002880136852399,0.00013270554693844473
1.14,0.9512282591715142,0.9576906358917714,0.0003115839743431,0.0001860474340632892,0.9514618464550004,0.9651060816815035,0.0003594986416257,0.00024565335031066934,0.966389940463742,0.9763819529886258,0.000311382703395,0.00013746182510753215
1.15,0.94808451674621,0.9573084216634828,0.0003204978126565,0.00018961953492297088,0.9466954782013636,0.9643735491681273,0.0004869023181647,0.0002520628945193624,0.9646274953503448,0.97591425933554,0.0003164575744921,0.0001422174150653002
1.16,0.9465004686233276,0.9568786343623829,0.000456424176927,0.00019669476779254119,0.950827984562606,0.963834898451192,0.0008111654882339,0.0002668894021048315,0.963107954422632,0.9754050058991923,0.0003730464632236,0.0001483386326592451
1.17,0.9503112174626968,0.9566176191288743,0.0003816688575469,0.00020159103943988277,0.9470896046500948,0.963169373962885,0.0007813175484046,0.0002805063359719852,0.9647720025348832,0.9749824081109867,0.0002616181566518,0.00015133714624720576
1.18,0.9467362264502772,0.9562251006966248,0.0005110343512316,0.00020976747315625346,0.9479044185215032,0.9625630043373576,0.0008102162549561,0.0002945028835670837,0.9643901357522986,0.9745616514144942,0.0003263632811613,0.00015596186921333302
1.19,0.945353605848502,0.955793471414652,0.0003279517870365,0.00021288486394429405,0.9531905558236105,0.9621908914606252,0.0003875037251509,0.0002969560007136382,0.9641089312109417,0.9741466486775983,0.0002034508624501,0.0001572145037228469
1.2,0.947121364114094,0.9554493317278873,0.0005109778138308,0.00022073453589442567,0.9495100291460198,0.9616876702903134,0.0005494135787349,0.0003036039579013079,0.9641297792952191,0.9737491441066628,0.0003318028988805,0.00016181193425184569
1.21,0.948428897056812,0.9551708664877504,0.0003475874813552,0.00022406947571107638,0.949732620650746,0.9612134737590865,0.000458459962163,0.0003076750928094007,0.9611378544772576,0.9732489178443836,0.0003994674044204,0.00016805985137533918
1.22,0.945108238771384,0.9547719120295488,0.0004468750174494,0.00022991764302587704,0.944189614374454,0.9605385263409039,0.0007276170182047,0.0003186976671271239,0.9618647124902442,0.9727975666062046,0.0003247721985177,0.0001721732141724819
1.23,0.9433116086174936,0.9543177396771845,0.0004985248541397,0.00023695704906160535,0.9447766753607648,0.9599138834601808,0.0005952925664351,0.000325946407008553,0.9584760469866132,0.9722300041236774,0.0003124431084458,0.00017584927609309858
1.24,0.9450072260005996,0.9539489164166454,0.0004422946377961,0.00024233020002343143,0.9462780070530992,0.9593737168730874,0.0007165621580118,0.0003361678058821969,0.9580855755072144,0.9716696919366169,0.0005150227930149,0.0001847245654149711
1.25,0.9425375511747642,0.9534970506137268,0.0004297520625137,0.00024722731464777315,0.942718388189176,0.9587142012665755,0.0008784682155779,0.0003503374829509286,0.957273793576454,0.9710996449673573,0.000537272464948,0.00019393623075456722
1.26,0.9406192260481632,0.9529873109555317,0.0004954762351466,0.00025370445860320093,0.944456830391676,0.9581498553772887,0.0006713840712361,0.00035871401471809024,0.957144207769152,0.9705472504420896,0.0004713997125231,0.00020117562140399198
1.27,0.9395012925255612,0.9524536931836795,0.0004848446454071,0.0002597267819094397,0.941199148551117,0.95747914604563,0.0007071103290674,0.0003677914290471425,0.9568308027565776,0.9700045149942864,0.000315656975801,0.00020415841612371683
1.28,0.9406379701338488,0.9519863307922879,0.0006049644843216,0.00026870965098681757,0.9394850596360262,0.9567674029538333,0.0010639561358949,0.0003859051992820016,0.9536060697211964,0.9693558863352011,0.0004573318457327,0.0002107458304071463
1.29,0.944796211952561,0.9517020270974174,0.0005467311482331,0.00027593400239036284,0.9381118025329566,0.9560297439181609,0.0011377954382616,0.0004054429665305265,0.952925013958912,0.9687061950254116,0.0006946344075442,0.00022331961033432549
1.3,0.9398007021465776,0.9512315911093975,0.0004973313244377,0.00028167955026523096,0.9396723002640984,0.955383166314519,0.0010092585649324,0.00042111276504538107,0.958929588554776,0.9683197449836313,0.0003300689199779,0.0002260898934772948
1.31,0.939122827931942,0.9507531049504107,0.0007734607869256,0.0002944258521004452,0.9396622148462184,0.9547619420347603,0.0010981752521496,0.000438661305287658,0.956741527795812,0.967862223716684,0.0005906722131089,0.00023553937211410645
1.32,0.9427337300018412,0.9504363088387986,0.0004043941534188,0.00029727258738540053,0.938135638641334,0.9541051391917332,0.0007941024532731,0.0004478625646102509,0.953872574167576,0.9673095788274755,0.0005622843624529,0.0002439977776912471
1.33,0.9402532891816124,0.9500341563330619,0.0006196317801635,0.00030560749389165886,0.9361958760727151,0.9533978583181145,0.0007508158431853,0.00045569571256836,0.9507607039599772,0.9666560230336996,0.0008260393227371,0.0002590470208007952
1.34,0.940020079117371,0.9496387852087896,0.00057875745677,0.0003126618330011615,0.9375527730225306,0.9527722700534577,0.000965482888368,0.00046886141676202316,0.9562590103126148,0.966245533028473,0.0004172468536027,0.0002631326712467677
1.35,0.938266867061574,0.9491899237709315,0.0004304957146015,0.00031570154846096967,0.9376488121261748,0.9521753314382874,0.0009720277266253,0.000481841405116592,0.9535927667929904,0.965746115184287,0.000767933492422,0.0002761548244628917
1.36,0.9397647538854113,0.948817997484709,0.0005336904411506,0.0003213187159148448,0.9336358163880636,0.951443744308851,0.0008874192417526,0.0004922923900078659,0.9532805796207952,0.9652542131385713,0.0004939647199749,0.00028176737949313336
1.37,0.9358352542544628,0.9483058115536769,0.0008606997105235,0.0003352026089190989,0.9315671833566102,0.9506595883953827,0.0008362754357243,0.000501146657862575,0.947776811492825,0.9645647071477964,0.0007543723958285,0.0002939324308124419
1.38,0.9366646952956336,0.9478466627094237,0.0005272860243588,0.00034014173514111787,0.9300317228511574,0.9498459842345708,0.0010256062489015,0.0005146323203939292,0.9459724278306194,0.963831390567901,0.0006220943441268,0.00030237060392285123
1.39,0.9360968066123284,0.9473833298051096,0.0006765856585612,0.0003487840340819043,0.9321110977407474,0.949146643204437,0.0011869455766839,0.0005319021586589428,0.9513146451808674,0.9633378168641201,0.0004925348184274,0.00030725538820690595
1.4,0.941023810473622,0.9471326089334817,0.0004580174774838,0.0003515871428575125,0.92941950730792,0.948368910729876,0.0015842329283415,0.0005589066869743847,0.9454867662756006,0.9626340481152985,0.0006886822680197,0.0003170434256500023
1.41,0.9292799564213072,0.9464289239688926,0.0006026093029758,0.00035802253783935074,0.9290152954223242,0.9476060634110767,0.0009675432185779,0.0005693828038384809,0.9468263605848336,0.9620109680417618,0.0005067832089342,0.00032190773901829943
1.42,0.93659299697047,0.9460413061681745,0.0005158564029402,0.00036206506501193183,0.929515338593754,0.9468931375253709,0.0009296289108229,0.0005786096239215508,0.9474553791973076,0.9614373560846022,0.000511509949814,0.00032676393441485337
1.43,0.924865244716922,0.945206952972487,0.0008086286432335,0.0003734921688071421,0.92149486492719,0.945892425945646,0.0016570007453956,0.0006062045462974259,0.9442688483470972,0.9607609036040997,0.0008449540689743,0.00034002388829834445
1.44,0.9372066786136064,0.9448917943082559,0.0007468046059946,0.0003830362841080857,0.9261128325767796,0.9451132388896113,0.0009261203370688,0.000614383521572716,0.9474816317566206,0.960237786847139,0.0004867185701904,0.00034377428828116097
1.45,0.934029800994019,0.9444639786335811,0.0009928469481851,0.000398613094586202,0.9198267066392156,0.9441172914109189,0.0015058520372826,0.0006371549110128108,0.9433204699475908,0.9595714732955019,0.0006942452137667,0.0003527266066087539
1.46,0.9343113369779704,0.9440641701078174,0.000737970581013,0.0004072741527072932,0.9282900464843838,0.9434940184071403,0.0011801318164733,0.0006510127297576404,0.9490604218414008,0.9591575506802219,0.0004597031851779,0.00035545685539253223
1.47,0.9349478226282644,0.9437052294816517,0.0004992878885569,0.0004096205719909984,0.927635747982317,0.942869626069205,0.0011095389827484,0.0006627054931496314,0.9441489357827572,0.9585666120788514,0.0006748033180909,0.0003636004297332506
1.48,0.9305343567225964,0.9431867305603621,0.0008740984543958,0.00042145552727834105,0.9299295634930008,0.9423602134729464,0.0009043193531054,0.0006688618449108261,0.9476044856523372,0.9581350650712106,0.000458610772162,0.0003660213052949838
1.49,0.9303761889596274,0.9426824931708438,0.0007700089554961,0.000430329713107095,0.9289566177758044,0.9418326328042183,0.0009702667195249,0.0006765356264618901,0.9492600314467794,0.9577857337215967,0.0007041874938598,0.0003746310315388777
1.5,0.9296686689093192,0.9421703288370846,0.0008965971950068,0.0004421917857768786,0.92083829098794,0.9410063919642495,0.0015663945555522,0.0006991740726166997,0.9422640306938144,0.9571748708014991,0.0006247414192725,0.0003809939620668148
1.51,0.9314601203486343,0.941748883120855,0.0006849738297341,0.00044836365611849375,0.9199559846853564,0.9401780603792811,0.001162997068809,0.0007109651233356843,0.9380450937211948,0.9564221158377075,0.0010262320651064,0.00039739684691991273
1.52,0.9292077049614909,0.9412554551455846,0.0007612129963107,0.0004563109361628279,0.9161131319457362,0.9392312347492563,0.0012405211920841,0.0007244173824164759,0.944341417227648,0.9559468052584886,0.0007814427522299,0.00040715272608367613
1.53,0.930775439282078,0.9408431759912985,0.0011248943589808,0.000473282816831495,0.9200100702171938,0.9384750827013127,0.0011248558013934,0.0007345824460870366,0.9384718280332344,0.9552593474411122,0.0010151455078909,0.00042258652325554016
1.54,0.9342764138268574,0.9405848744891548,0.0008442297232116,0.00048269271772491976,0.9186863336884036,0.9376966985497962,0.0013254175878017,0.0007495703056223593,0.9378081415480064,0.9545729098051009,0.0007552238653358,0.00043102461606233153
1.55,0.92346097559243,0.939911391511455,0.0010444236236076,0.0004969326584079304,0.9152079300396456,0.9368122152395195,0.0018142982777951,0.0007765612776491836,0.9408726961973652,0.9540340803766332,0.0008069981234052,0.0004405555861173495
1.56,0.9279799668421668,0.9394421821934571,0.0007940662445133,0.0005044600690246933,0.91542547607417,0.9359711708901551,0.0018705700657056,0.0008042762642785556,0.9378084294861324,0.9533959984376004,0.0006651480356457,0.0004462452814869767
1.57,0.9201551802171052,0.9386837943587968,0.0009176941560221,0.000514921985437173,0.9180202486578252,0.935265319298569,0.0017322800528595,0.0008277706912198143,0.9341398983788072,0.9526388257030564,0.0011076813845272,0.0004629909698024872
1.58,0.9246097253048248,0.93813044362026,0.0008212581807183,0.0005226726996005666,0.9186661678326294,0.9346126897933749,0.0015931313058897,0.0008471353351881235,0.9319377624432288,0.9518249211670338,0.0013899665867914,0.0004864446888026952
1.59,0.9233449141530984,0.9375491792774822,0.0009420616389344,0.0005332773303540477,0.9143499075550824,0.9338160979075887,0.0013258341943852,0.0008592396712060478,0.9362159256798332,0.9512112838587831,0.0011733329742518,0.0005038132838058202
1.6,0.9235880780278862,0.9370003791634272,0.0007573360498995,0.0005389394924062054,0.9159252876539196,0.9331128239657831,0.0015077785501816,0.0008756288223952274,0.9331819833108276,0.9505025659704047,0.0010868871534594,0.0005185480762970698
1.61,0.9216722815689624,0.9363978998352283,0.0009619235403724,0.0005496224824060902,0.919255420641898,0.9325681510868624,0.0015817310220127,0.0008934623146360811,0.9306458594528813,0.9497220871713109,0.0017693621901086,0.0005501389477112824
1.62,0.9298171610545372,0.9361392635110811,0.0007238370941251,0.0005540200057217917,0.9155797508460344,0.9319004726486423,0.0018119610943721,0.0009166470507467763,0.9358785162621284,0.9491780068769334,0.0014100464426992,0.0005718447232558441
1.63,0.92215256163982,0.9355896053346205,0.0008284856608983,0.0005609442520707997,0.9056800088939104,0.9308700444300362,0.001647807263853,0.0009350928319972024,0.933119028234636,0.9485469110691017,0.0007413958352107,0.0005761221752640695
1.64,0.9269284719387,0.9352492629141302,0.0007060049584467,0.000564601894534085,0.905713023398834,0.9298814900412864,0.0020567095739923,0.0009633739091099948,0.9270279959966544,0.9477013173913121,0.0015542953539295,0.0006007863854703961
1.65,0.9191550803041122,0.9346168864810814,0.0009887169053095,0.0005752901774388429,0.9047295724403792,0.9288932149407607,0.0018342287648084,0.0009853206519278659,0.9287168285487029,0.9469553743615574,0.0011456522327115,0.0006145177559064625
1.66,0.9292976804846004,0.9344078989779534,0.0008904457718612,0.0005832284841545542,0.9147424040826642,0.928337240490734,0.0013938788576713,0.0009956116332901247,0.9328201796797404,0.9464000134590586,0.0010951558727605,0.0006266243244027079
1.67,0.919551241292088,0.9338242352744766,0.0007511201026989,0.0005874553260541655,0.9010325264490048,0.9272645382142903,0.0022620109893229,0.0010274945224190205,0.9279924017859518,0.9456768457703051,0.0014335856479015,0.0006469403947527572
1.68,0.9248151914701924,0.9334703279223312,0.0009759812599392,0.000597232122384684,0.9124329564610116,0.9266819008178627,0.0012676427045898,0.00103353756784137,0.9295402064238184,0.9450429410599158,0.0011498204126205,0.0006595947765702533
1.69,0.9150007660575052,0.9327448269456564,0.0009881135133225,0.0006070635460451017,0.8992756898831669,0.925605360240149,0.0020137155124538,0.0010581909406022526,0.9323575980843736,0.9445446493957407,0.0009650288587656,0.0006672770350046821
1.7,0.9208847866550534,0.9322789842905378,0.0007446215211606,0.000610521802611346,0.9009685373685749,0.9246376668176169,0.002137013408108,0.0010853129222898363,0.9243953755276584,0.9437532194336641,0.0015615245836833,0.0006897587373884888
1.71,0.9178295140199346,0.9317114686880155,0.0012803406725411,0.0006273537304357871,0.9077299964092552,0.9239736032513164,0.0018912450692228,0.0011055652506991498,0.9287706954687238,0.9431647676803451,0.0013409626117529,0.0007061228876153221
1.72,0.9182315674165188,0.9311820656218912,0.0009910420256383,0.0006364888818511888,0.900156991128765,0.9230382412461783,0.0021978348527824,0.0011330009651092465,0.925455833075436,0.9424692756222944,0.000947410021737,0.0007121835569683528
1.73,0.9202841261066028,0.9307540900101805,0.0009431912821892,0.0006441893710820819,0.9013547150143916,0.922186702256622,0.0021968719594562,0.0011597119628908082,0.929375838112334,0.9419550800791957,0.0010470970810021,0.000720592353189902
1.74,0.908549040834786,0.9298821186096342,0.0012761597584405,0.0006600498844220124,0.892964411103927,0.9210391703623074,0.0017180102868828,0.0011737235339904426,0.9225685186174826,0.9411937880407939,0.0012380329159138,0.0007335785201240958
1.75,0.9247628852221904,0.9296811018573349,0.0008300496880216,0.0006643146270848231,0.9005598300472482,0.9202350088467447,0.0017016124253292,0.0011869665509142676,0.9264687311381729,0.9406155797638968,0.001292935608726,0.0007476109718622456
1.76,0.9108298336963556,0.9289409077475207,0.0013064500221459,0.0006804173506501027,0.8869837311700213,0.9189293990771564,0.0028521242978797,0.0012287234375431657,0.916166795741137,0.9396555994712593,0.0016494379329714,0.0007702259380674267
1.77,0.9163120811435984,0.928445061924399,0.0010722832175392,0.0006902403199360399,0.8972628172853995,0.9180787037259801,0.0027492562001297,0.0012668388946094375,0.9158217591136664,0.9387198110119743,0.0014231639444499,0.0007865932477114976
1.78,0.9128978580247562,0.9278346606965582,0.0014282500655209,0.0007087331876548331,0.8936140731327562,0.9171181940002976,0.0035881715947538,0.001325006281709535,0.92701926985218,0.9382604342175075,0.0015787892408074,0.0008064439011687506
1.79,0.9090164689915678,0.9270958702939,0.0010924851807795,0.0007183456292752057,0.8898641694773662,0.9160482180925693,0.0022609738120947,0.0013484509371265272,0.915584694726935,0.9373701989084279,0.0012816995265959,0.0008183483786334139
1.8,0.9151963191539452,0.9266287217881917,0.001196236344811,0.0007303118374341342,0.8876694155343557,0.9149341327751537,0.0033875591846429,0.00139950945941025,0.9196393999686392,0.9366741292724964,0.0014237919082123,0.0008335084624515198
1.81,0.9094046353555064,0.9259525728773771,0.0015274124997261,0.0007502639966894261,0.9016584851990548,0.914412983819938,0.0012026008659715,0.0013945806570633435,0.923276035442646,0.9361481735659078,0.0015964464645657,0.0008526054990495407
1.82,0.9072984578020236,0.9252203162751163,0.0013683943020291,0.000765731112104653,0.8921577168596806,0.9135393660631644,0.0018741689963878,0.0014065811173741385,0.9116218015989364,0.9351854048829779,0.0022111750749901,0.0008866001960400746
1.83,0.9165584878793812,0.9248803143349023,0.0012674973038176,0.0007782823607005609,0.8936313300404081,0.9127579177863872,0.0031339056525013,0.001449788651090549,0.9205643673720818,0.9346114866644994,0.0015124746415843,0.0009022559055828683
1.84,0.9109553862352828,0.9243337407776606,0.0012782835122708,0.000790785422605509,0.8900759227086689,0.9118676166913814,0.0022828600481479,0.0014706204896091975,0.9092497835258117,0.9336160031544194,0.0017592420752438,0.0009236857584888163
1.85,0.9086649407054566,0.9237187397166208,0.001255283160235,0.0008023970295226829,0.8871666141936164,0.9108981013057189,0.0030977486451133,0.0015112957631681196,0.9172697394115203,0.9329744116158464,0.001543278523963,0.0009391744617882707
1.86,0.9116614636828532,0.9232455073840441,0.0010851232188517,0.0008094625071098836,0.8879461229790877,0.9099972661410977,0.0027799643235468,0.001543000464102317,0.9123821471974192,0.9321661921393679,0.0019036898920784,0.0009632782145088708
1.87,0.9066009427512464,0.9225922515290581,0.0013587190382118,0.0008231846141715077,0.889007156842287,0.9091734589644758,0.0026474582408261,0.0015705931953655067,0.9079740599618126,0.9312167138959754,0.0022037080855778,0.0009942679443152623
1.88,0.9125131217797904,0.9221966844550679,0.0009219576804503,0.0008256515476859417,0.8753495071650438,0.907845998957816,0.0026625229523156,0.001597864983255787,0.9142259332396986,0.9305498911090675,0.0011384265195748,0.0009978684159225426
1.89,0.9054813838765988,0.9215406931878788,0.0010693040806137,0.0008317352273468474,0.8855207676771379,0.9069698461964971,0.0026538712184695,0.001624232054337555,0.9149410188908476,0.9299373215762758,0.0017190030467976,0.0010158741884622846
1.9,0.899013366885847,0.9206566350937602,0.0018968178583654,0.0008583215512562999,0.8721559753185009,0.9056036172918928,0.0036733496253225,0.0016753816101411807,0.9077719389650394,0.9290674675312829,0.0019473624208883,0.00103912576270065
1.91,0.9038356476988848,0.9199965340386166,0.001744846325527,0.0008804447771049769,0.8763038549387621,0.9044538153456259,0.0023836777927578,0.0016930571414636687,0.9115227533304264,0.9283789654782045,0.0023196128232893,0.0010710803174518305
1.92,0.9044676008088008,0.9193871531496285,0.0013756992942999,0.0008928005961271911,0.8816018712958649,0.9035570674638452,0.0030159908053245,0.0017260622496687212,0.9114915136376812,0.9277162740838232,0.0020179487346149,0.0010947031909322815
1.93,0.906590591135428,0.9188850080377625,0.0015399539202557,0.0009089419014283854,0.883874827027007,0.9027847240160537,0.0022614944331921,0.0017394170050568272,0.914250745626048,0.9271878783095318,0.0012944500807695,0.001099685280047204
1.94,0.9087318699494222,0.9184866024735059,0.00183676948624,0.0009320779880868916,0.8775787703266253,0.9017956512668317,0.0022899967351832,0.0017531461294729835,0.911191135372631,0.926560171748211,0.0012873550251493,0.0011043649679083312
1.95,0.9053367722769186,0.9179706201296883,0.0018529903992222,0.0009550360286218242,0.8733723251373213,0.9006803566800468,0.0028581284662341,0.0017806929721162182,0.9007933282402616,0.9255491141066102,0.0025898962028804,0.0011413987681872877
1.96,0.9033722622062332,0.9173978126166178,0.0011743063901548,0.0009605010635341583,0.8698990308331318,0.8994725650366416,0.0032375219152963,0.0018170025808572998,0.9093355683162102,0.924912930167913,0.0023541905752202,0.001171626061654995
1.97,0.904998726825464,0.9169113104738692,0.0013137366069285,0.0009693029649390391,0.8727254340296025,0.8984230895538129,0.0023131871583801,0.0018293664774459914,0.90147938694449,0.9239934697187787,0.0020511295999529,0.0011935414763806858
1.98,0.8990552944490977,0.9162107099936309,0.001391810516845,0.0009798285970655316,0.8658843794945632,0.8971463973811457,0.0036082656547915,0.00187368293580607,0.9029796923829658,0.9231689709911417,0.0021168235443367,0.0012165425502134568
1.99,0.8902435595249572,0.9151918810095179,0.0017421546376798,0.000998815692187033,0.8734845596954657,0.8962180180396915,0.0034906650193142,0.0019139567700890935,0.9043043135648038,0.922428810464691,0.0020897637446916,0.0012382916877193824
2.0,0.8988769488060374,0.9145517722775889,0.0017437145692467,0.0010173647365239527,0.863820675418836,0.8949469234593241,0.0026414801346744,0.0019320731393862338,0.8976214410965938,0.9214555049338645,0.0021518588769503,0.0012610408135667586
2.01,0.8934790079027684,0.9137250078075017,0.0018105371826105,0.0010371117133630783,0.8730116665301866,0.8940863201351149,0.0028859688271323,0.0019558215135838013,0.9021000627259614,0.9206961175257538,0.002315459759598,0.001287291834525374
2.02,0.8920581754253707,0.9128749511878648,0.0017182088620519,0.00105406496893493,0.8678502616367727,0.8930569986908741,0.0033734748359886,0.0019911084607297127,0.8975515122575444,0.9197880833207468,0.0028903100252149,0.0013271927166908686
2.03,0.891841486916642,0.912049757906641,0.0016000420380235,0.001067652223512095,0.8613836909941681,0.8918143788176839,0.0044190741471589,0.002051531122694629,0.8968515587398941,0.918888228416453,0.0023684056071753,0.0013531044727205757
2.04,0.897744537737577,0.9114885391685373,0.0021196818240286,0.0010938280673220108,0.8656896459708143,0.8907894599818786,0.0042583566407772,0.0021064397678969174,0.9000740882192215,0.9181501168812787,0.0028507419767551,0.001390367611866312
2.05,0.8997530423485691,0.9110281425524825,0.0022520611865106,0.001122640918478645,0.8660750905880067,0.8898198877335605,0.0029233532239715,0.0021267617613089326,0.8966922158160813,0.9173082995138838,0.0016155031351697,0.0013959682083399786
2.06,0.9001976588418105,0.9106032571641844,0.0021663215243021,0.0011485992901708612,0.8587989691548984,0.8886029213091825,0.0036560339325672,0.00216479774206644,0.8923519453838573,0.9163292490394721,0.0029915083445222,0.0014356524025980384
2.07,0.8913816538676695,0.9098491950609828,0.0029521618803142,0.0011934493089255076,0.8595604570488646,0.8874635875426665,0.0024492534404376,0.002171871432481475,0.9010560444881854,0.915730082332673,0.0019510343653388,0.0014484686424230686
2.08,0.8840091006189212,0.9088355044663399,0.0035242493816634,0.0012514001789545874,0.8346057748957059,0.885390008916483,0.0049163916956477,0.002240108660943586,0.883852294889746,0.91447953685261,0.003318617626002,0.0014949663073021901
2.09,0.8913606432433792,0.9081499860703519,0.0017827845572142,0.0012646097631877015,0.8581977887740284,0.8843232898794865,0.0053637470607262,0.0023177585999403978,0.8961366429495057,0.9137599665484,0.0024497206940526,0.0015187003668826035
2.1,0.8913249997299556,0.9074899701834045,0.00227824695457,0.0012898033605624846,0.8564412855927611,0.8832295257945201,0.0037154830294536,0.002352498551095932,0.8906184826922457,0.9128521650986047,0.0025548891121574,0.0015444544752309121
2.11,0.8910403417683732,0.906844687105884,0.0025920291385702,0.0013221644418852647,0.8649245479157224,0.8825114614005073,0.0050802923765824,0.0024202858421395767,0.892387512478443,0.9120493813706111,0.0033691766764816,0.001589799901917594
2.12,0.9074846510076364,0.9068697911905825,0.0011703636541183,0.0013183927030524338,0.8574125473192349,0.8815268976411852,0.0073640562611662,0.002543121903429779,0.8932343697001786,0.9113113184184871,0.0018473365304935,0.001596198820639724
2.13,0.8907393476471711,0.9062370440952514,0.0020284356440736,0.0013360321421467644,0.8484395657544855,0.8802289845932757,0.0058261101363247,0.002624680450999126,0.8934533984973015,0.9106108078015054,0.0025642999584011,0.0016202491422049727
2.14,0.8854327448423881,0.9054209653286268,0.0021502381562047,0.0013562562190040427,0.8586332902438649,0.8793818622079043,0.0042401404162947,0.0026648068882077674,0.8823682424531434,0.909502952275315,0.0032792351217108,0.0016614567228115753
2.15,0.8918208590519324,0.9048874872057244,0.0014978516153216,0.0013597727901786096,0.8524839028969243,0.8783267621556557,0.0037636700646877,0.0026920975393991096,0.8874050448901099,0.9086361391848812,0.0027168515422714,0.001687667822158168
2.16,0.8820056653397412,0.9039899335459485,0.0030121986004056,0.001400805454565648,0.8506532561219591,0.877241251711389,0.0038886800645863,0.0027218108063207006,0.8768684467759491,0.9073900317397977,0.0035251883600047,0.001733296717003008
2.17,0.8909551983750443,0.9034786430506868,0.0016642544114658,0.0014073464410829177,0.8433345780849841,0.875911254613342,0.0038730937472189,0.0027503951904935776,0.8851731445842422,0.9065185692138625,0.0033549620910663,0.001773559891593185
2.18,0.8756572259546083,0.9023873519602457,0.0034756772657212,0.0014586925232149093,0.8473321471764635,0.8747902432280872,0.0036610670868556,0.0027730025187937195,0.8737121824528409,0.9052317434041552,0.0034217682367665,0.0018144764800101772
2.19,0.8756114757195885,0.9013370816908292,0.0030212751037523,0.001497478282489458,0.8432349508313101,0.8735525027653958,0.0043627857804941,0.0028124634417907054,0.8838309982888859,0.9043923099478638,0.0031876873999927,0.001848561736584141
2.2,0.8910623338063275,0.900934063427038,0.0019671486067053,0.0015091347213783848,0.8415121655428526,0.8722957477360883,0.0041571607231339,0.002845836599250149,0.8877400514852618,0.9037391392453571,0.0023584367491048,0.0018612159891907131
2.21,0.87824157653032,0.9000439774260478,0.0031458058674752,0.0015497490287852435,0.8413676408436448,0.8710826292662006,0.0047437047385317,0.002892932559981349,0.8844887705795185,0.9029840662671794,0.0023186424485285,0.0018725671142349114
2.22,0.8800130276883549,0.8992582934669454,0.0021921996222563,0.0015656895891228147,0.8373671856884531,0.8697601915615514,0.0052632522212243,0.0029517452126014247,0.8691234441990473,0.9016559341539976,0.0036529997911895,0.001916743421023951
2.23,0.8795422329969385,0.89848496660971,0.0023171952636352,0.0015843337855837199,0.8440985672364558,0.8687536607020488,0.0050696691197206,0.0030042890466040074,0.8850210388994623,0.9010034604365833,0.0031277796419246,0.0019467881671775898
2.24,0.8838985755705026,0.8979128460648711,0.0021105181639956,0.0015973864212321693,0.8412580802936316,0.8676752043243443,0.0032144444577513,0.003009502204051849,0.8742125108046669,0.8999526417207706,0.0035791259598521,0.0019872802671659653
2.25,0.8792564384942605,0.897181092950093,0.0020943847179287,0.0016097136453607438,0.8295876204968275,0.8661813096399215,0.0047442642752644,0.0030525301198490035,0.8746047416518646,0.8989584307635804,0.0041665513645208,0.0020413334971922676
2.26,0.887276877179531,0.8967926263877142,0.0019481685248719,0.0016181075210968993,0.8318823141086263,0.8648360226231855,0.004201055700196,0.003081014215026336,0.8745870024225573,0.8980025262066503,0.0044639030458962,0.002101414615784457
2.27,0.882558765980202,0.8962343447292072,0.002624581853438,0.001643065937705825,0.8405205241720939,0.863882318117587,0.0047868679001508,0.0031233157477918816,0.8717282955718156,0.8969719961441893,0.0030119140962786,0.002123993060784167
2.28,0.8812237010993837,0.8956455997806659,0.0028171398207868,0.0016721773650517442,0.8217709328055538,0.862230632421094,0.0058040820490289,0.003189785954253724,0.8694209342217608,0.8958913930112531,0.0030281111986649,0.00214641087440078
2.29,0.8889765641091787,0.8953840295889853,0.0020872472882489,0.001682468048756331,0.8427761093561998,0.8614675950678984,0.0044634745021359,0.0032213640697756818,0.8739853468680032,0.895032203021739,0.0036704304945345,0.0021841953608062936
2.3,0.8762534350432575,0.894633701658518,0.0025115371841542,0.0017030207885554622,0.843690719746358,0.8607703618460921,0.003272697619903,0.003222636635661549,0.8892607007870468,0.8948058368564276,0.0019413526067893,0.0021781752549763734
2.31,0.8815000867346177,0.8941185863455554,0.0023751803355614,0.0017196820718852312,0.8164526360869436,0.8590321702433619,0.0068767507582669,0.0033132136883676083,0.8693081930725708,0.8938057902711094,0.0038149809648809,0.0022187478895688297
2.32,0.876851492311603,0.8934413549728154,0.003185073762617,0.0017560022498521993,0.838351174351881,0.8582210424873147,0.0048571385747404,0.0033514803354322497,0.8690874299276917,0.8928363133530861,0.0035868302538844,0.0022526562263361816
2.33,0.8797726617955626,0.8929052590121107,0.003140817780918,0.0017903220990394375,0.8409854104236003,0.8575450486223761,0.0036577812361236,0.0033590713831074238,0.8725036049584549,0.8920388499307094,0.0029041696062879,0.0022688026663795005
2.34,0.8637292134641137,0.8917609593147686,0.0033223444814052,0.0018282866937804718,0.840391522257254,0.8568722783870929,0.0048097789899035,0.00339502094038132,0.8717818939052514,0.8912443615683001,0.0031248323572627,0.00229001568563741
2.35,0.8706261742378664,0.8909320460471972,0.002968147127765,0.0018565307154402438,0.8150757138997259,0.8552330032907807,0.0053927830110327,0.0034445224701408084,0.8667523612395466,0.8902837772071157,0.0035421999993999,0.0023210429235566224
2.36,0.8736693346025306,0.8902549999340992,0.0025748833517784,0.001874328859064647,0.8369102698743958,0.8545143829581254,0.0042347974446053,0.0034641025855142132,0.8681016950610332,0.8894137926426648,0.0032576404633448,0.0023442483754310497
2.37,0.8632167243671163,0.8891945594729815,0.0041820248445224,0.0019315002435442066,0.8131428959383471,0.8528917943184139,0.0044443400589243,0.003488387211317072,0.8570249177601158,0.8881435018162234,0.0058345979171313,0.0024307190877233434
2.38,0.8647686938271661,0.8882365817681163,0.0030822349574137,0.001960006444423195,0.8187547655144205,0.8515529466812916,0.0064764398278921,0.0035624077714848045,0.8529974337441228,0.8867650798550546,0.0045866454917198,0.002484126072332316
2.39,0.8702516383705374,0.8875312186880995,0.0035808462222187,0.002000154925224662,0.8258613175839504,0.8505453301305946,0.0066629426585555,0.003639208555308818,0.8606174454409342,0.8857395789381054,0.0059643095239284,0.0025703308165680636
2.4,0.8673594537329493,0.886740092375962,0.0026399575230319,0.0020160016969488852,0.8221827176062253,0.8494329629629781,0.0055999074014843,0.0036877715763746566,0.8541347209244471,0.8845000525594485,0.0062853337776343,0.0026623448285158034
2.41,0.8741706104020506,0.8862471255915447,0.0029956643058967,0.0020402643314352945,0.8244687410554413,0.8484538826615956,0.005781584216862,0.0037396276034549693,0.8593529047339754,0.8835137980243355,0.0033139739650232,0.002678483282117451
2.42,0.8641850787150087,0.8853818698400278,0.0031881600998472,0.002068691350784434,0.8077076776645108,0.8468558492414188,0.0085978665420649,0.0038599392694711925,0.8482443914386029,0.882130560237213,0.0042748874610429,0.0027180173702569563
2.43,0.8601733087901948,0.8843932138012763,0.0031606669684924,0.002095731561068764,0.8077853924014682,0.8453235426962242,0.0049098945039402,0.0038859389437027165,0.8700188718317794,0.8816555512171489,0.0030099568235925,0.002725246564829134
2.44,0.8648300246960812,0.8836259665245021,0.0037299959773614,0.002136197394299137,0.8108031849433968,0.8439696913207296,0.0051033622905879,0.003916083423160682,0.8680320431377775,0.8811212518543097,0.0033392403332976,0.0027404495939054793
2.45,0.8641320023475214,0.8828614366523978,0.003413020398801,0.0021678104638865824,0.8092841742093289,0.8426093669803184,0.0047523513347308,0.003936788717151314,0.8490808555645531,0.8798646659769997,0.0034196793197502,0.002757266753772808
2.46,0.8630118851517509,0.8820829634958954,0.0038597002167828,0.00220969739881448,0.8155822078944767,0.84154939754755,0.0064353461441042,0.003998646714799942,0.853077221086452,0.8788140978179206,0.0060249092691854,0.0028381653638485656
2.47,0.8580695464589966,0.8811411918572015,0.0030805778323007,0.0022312567823004462,0.7896994266928887,0.8395159163506427,0.0070757259560621,0.004074822420244961,0.8458690591458231,0.8775220408395498,0.0045136771937831,0.002879644079740973
2.48,0.8560130465781266,0.880155705014067,0.0027497717270942,0.0022440922316136567,0.8092391529542777,0.8383285086988467,0.0057159197855305,0.004115446557045,0.8454937328992518,0.8762659403302411,0.0052973512260561,0.0029394926103229763
2.49,0.8601604527166803,0.8793715244293886,0.0034151884644951,0.0022730800190695244,0.8083155110096641,0.8371514487785306,0.0054709962597449,0.004149000064916037,0.8523140810249838,0.8753265881903037,0.0047911467767818,0.0029853260404989184
2.5,0.8551288663894283,0.8784207701682388,0.0053948511409221,0.002350347527081472,0.802600307293518,0.8357964139906655,0.0048095346185525,0.004165349072233711,0.8483478346970593,0.8742685290945589,0.0049337585197822,0.0030335520366809887
2.51,0.8617604090247659,0.877767381874301,0.0026596022731973,0.0023580014880360697,0.8017040820192616,0.8344593763099498,0.0077429308733667,0.004253893134246251,0.8519987057793138,0.8733951481553982,0.005146115886275,0.003085837349750466
2.52,0.8518219440871623,0.8767498526819897,0.0051335780631947,0.002426692157236056,0.7851256823807914,0.832524605574944,0.0080731759718396,0.0043484137092958935,0.8316287519530683,0.8717571519981479,0.0059766505956587,0.0031573799251457322
2.53,0.8437609773785568,0.8754560967260342,0.0041650122242365,0.0024697100932603083,0.8018186419264531,0.8313203807267735,0.006585350765275,0.0044037708423067526,0.8554791339267501,0.8711187615517529,0.0036102071585108,0.003168585970180092
2.54,0.8508624235800127,0.8744915855417705,0.0042114641390077,0.0025128106179347592,0.7960359586031412,0.8299366012658342,0.009634150783959,0.004533199058812029,0.838302624273632,0.869831782935702,0.0064370683415258,0.0032494661067516964
2.55,0.8587600732172848,0.8738746306632399,0.0034087554160588,0.002534979994527291,0.7923972378047991,0.8284643910328633,0.0075023522968651,0.004606668179268064,0.8455336704072824,0.8688788650754045,0.0045131117433948,0.0032807339215287982
2.56,0.8506871546537997,0.8729652713913151,0.0042939476223664,0.0025785018253395822,0.7944467243702532,0.8271302966891625,0.0060169534399626,0.004641562622770938,0.8384213647140948,0.8676843922340338,0.0051396188538953,0.0033267279888700833
2.57,0.8543507593006613,0.8722352546694159,0.0033913096316293,0.002598611952820738,0.8006876164944301,0.8260932779040351,0.0043507672812577,0.004634367894394187,0.850208678702194,0.8669990364727207,0.0038362062995807,0.003339333273536385
2.58,0.8588083869861912,0.8717086859899194,0.0041369715600557,0.002636671448297098,0.7958637045688177,0.824907748494763,0.0062275858638555,0.004673784602825941,0.8438589039815011,0.8660915374717065,0.0062588111765225,0.00341156206550379
2.59,0.8503201264237341,0.8708698809171708,0.0041257560039737,0.00267351006029335,0.7973905449480456,0.823828593545061,0.0061474622253429,0.004710242061159323,0.827174774647843,0.8645653207122002,0.0053082148764617,0.00345848354939678
2.6,0.8591030222513351,0.8704084153772071,0.0031370690894029,0.0026849775460704,0.7880593323225273,0.8224258163117389,0.008549365813661,0.004805213994103257,0.8373990429108432,0.863499930074782,0.0074681859728341,0.0035576752437087114
2.61,0.8518296201989282,0.8696798046795098,0.0042778064168176,0.002724378983298313,0.7847347049093619,0.8209476716466866,0.0106904347377094,0.004950795330529455,0.8194274946552235,0.861771526934959,0.005761480477159,0.003612190261086318
2.62,0.8514993280228303,0.8689668161400558,0.0035951744472701,0.0027459186700101077,0.7930639239472557,0.8198541473721505,0.0072753925214513,0.005008295739402964,0.8404619418022549,0.8609358233245944,0.0043785483817899,0.003631146622840551
2.63,0.8499404815901871,0.8682206565456059,0.0042137984310127,0.0027822260135012314,0.8006930433247501,0.8191027024951697,0.0074219686190838,0.005067996848884796,0.8430980475111508,0.860236275677518,0.0053562344267764,0.003673815891205602
2.64,0.8587339487261674,0.8678486149778762,0.0042242158474672,0.0028178914409149485,0.7893192672199324,0.8179346812845376,0.0064711778610929,0.005102702399063032,0.8377041193051602,0.8593526289013493,0.0048983018080189,0.0037041016897296527
2.65,0.8446833559577173,0.8669401410477585,0.00353138621468,0.0028355379066634123,0.7851258638298781,0.8166480151043923,0.0053814357728529,0.005109596155141415,0.8239048126950032,0.8579624688830632,0.00633063723224,0.0037690623190044154
2.66,0.848890061049894,0.8662322705177815,0.0038562792295005,0.002860782291793649,0.7832983485131955,0.8153401402269814,0.0081534178488749,0.005184874196095812,0.8328097324690534,0.856976053262863,0.0069301314858267,0.0038472400567771746
2.67,0.8456940712123476,0.8654268244204627,0.0053471426041508,0.0029222710561541965,0.7910347944087754,0.8143869580301335,0.0064227390052634,0.005215487127448856,0.8378943363053261,0.856227726000817,0.0040966858766177,0.003853408959635167
2.68,0.8454789883113458,0.8646445315932646,0.003700520482727,0.0029415167485884425,0.7889411360301086,0.8133890510930656,0.0066438011614831,0.005250808570240782,0.8366448659875471,0.8554597464144295,0.0047580709284393,0.0038757807666858143
2.69,0.8422878197957137,0.8637677711522672,0.0046802313927653,0.00298451259412767,0.7781175763363579,0.8120058139675727,0.0097660823989527,0.005362464624186612,0.8216617124825212,0.8541342930381315,0.0077860417935473,0.0039724757474821565
2.7,0.8442698685507584,0.8630031251943007,0.0042148827732063,0.0030149367010128937,0.770785501630643,0.8103892839305362,0.0076639136020835,0.005419373943743477,0.8255671839821738,0.853013981540179,0.0084012568004036,0.004081988892726166
2.71,0.831412626111122,0.8617642473381574,0.0055635216758381,0.0030779548175312713,0.7727094024548155,0.8089116000655406,0.0080311668649009,0.005483954984694903,0.8293747092656512,0.8520869252477431,0.0065486100822243,0.0041429803146571355
2.72,0.8437697398630345,0.8610585613577482,0.0047303243755816,0.003118811032855737,0.7769359448194263,0.807657619001998,0.0072228918481165,0.005526951648837901,0.8254249287377174,0.851041328574822,0.0053815248398783,0.004173604360933491
2.73,0.8484232219087282,0.8605630450178765,0.0032034884255441,0.0031209046798266558,0.7763521573039203,0.8064299220444915,0.0117863145455202,0.00568171428089896,0.8324930549952484,0.8503139264601283,0.0050827112586937,0.004196082012196818
2.74,0.8367277991914812,0.8596283062382134,0.0036003579035266,0.0031327587533554434,0.7915926781766016,0.8058480548664624,0.0066697702914812,0.005706143126135659,0.8252358133684892,0.8493304465749922,0.0058058288405609,0.004235881634606078
2.75,0.8417889478162567,0.8589287068310102,0.0037093144332149,0.003147013135165021,0.7890093172381532,0.8051876964284418,0.0086342508766068,0.005778535728121598,0.8340618111601552,0.8487316622447287,0.0071071984311462,0.00430687017455787
2.76,0.8340998463258208,0.8579550036632224,0.004810403484778,0.003188136384305416,0.7709177527533394,0.8038437462012705,0.0076671929038841,0.005825228147371082,0.8256124600610555,0.8478250060412247,0.0053190901028112,0.004331894831160044
2.77,0.8441443613702084,0.8574133978962243,0.0033170167991167,0.0031913225372750455,0.788981417134113,0.8032608969055598,0.0077985671291408,0.005874012595078354,0.8349125675009166,0.8473186247280995,0.0048006689403674,0.004343483760496776
2.78,0.8300694745903336,0.8563410644431864,0.0042613693829364,0.0032177751928795977,0.7570351690980192,0.8014480848315743,0.0089421394078847,0.005949859836962513,0.809084672937088,0.8458192222799327,0.0065275551167294,0.0043974762446916905
2.79,0.8391010194477817,0.8556649704751578,0.0061872558090104,0.0032911816217971682,0.7852097641210072,0.8008112749690562,0.0068908611615313,0.0059731216647946495,0.8291828125692989,0.8451668007660672,0.006760517612739,0.004455891318112464
2.8,0.8436620506159852,0.8551942585231314,0.0057810537540339,0.003352730207919967,0.7680774645327944,0.7995275710046463,0.0103349708881088,0.0060809447329353596,0.8198513124987257,0.844174017090209,0.0063653094462481,0.004503091326732351
2.81,0.8346621613680931,0.8543890631017994,0.0049196400682461,0.0033914624640208326,0.7553650046034068,0.7977956730892978,0.0119023866378492,0.006224844254181913,0.8085517654979889,0.84277703977888,0.006762393014709,0.004558938733021323
2.82,0.8339753377589428,0.8535885103899494,0.0032771070393008,0.0033886358038454478,0.7612324376430872,0.7963617948138306,0.0078809097384987,0.0062657792108208946,0.8056634984141774,0.8413215804892669,0.0066195542842568,0.004609873438827497
2.83,0.8349771737695925,0.8528586413828885,0.004405658281693,0.003413774093368046,0.7560044960167035,0.7947791281735154,0.0110959228216139,0.006385168458520534,0.813080294184307,0.8402140598412883,0.0067164928098454,0.0046619438785828115
2.84,0.8214673356197555,0.8516275892538107,0.0052682841925818,0.0034596118132375186,0.7647071041977449,0.7935998134479543,0.0095897108182219,0.006464374775626129,0.8049138165059747,0.8388297134861921,0.0064479540189778,0.004706088492588511
2.85,0.8227243421115965,0.8504941104195992,0.0050045656137873,0.003497797289596621,0.774477077641607,0.792849890223686,0.0058923583039588,0.0064502366690703875,0.8139416370007311,0.837853694847812,0.0082286643108606,0.004793153384486191
2.86,0.8204409109560097,0.8493155354339077,0.0061348591839947,0.003562973968221301,0.7718695680437591,0.7920271198247152,0.0072884304159258,0.006470953165933834,0.8162193426849987,0.8370052758193613,0.0081810372103679,0.004876887109434518
2.87,0.8184044022026141,0.84810331620063,0.0049016552912324,0.003596059533554858,0.7401597134154079,0.7899930738012604,0.0075691049330585,0.006498094033153556,0.8149658293713667,0.8361409710177501,0.0056148297223923,0.004895125392223519
2.88,0.8196135532679014,0.8469860547179285,0.0052484021038767,0.0036368962826558594,0.747641406913759,0.7883322005165884,0.010807484333589,0.006604598273640985,0.8071181648770474,0.8350028055827661,0.0071071931280164,0.004949795444755906
2.89,0.821202676171537,0.8459749280280486,0.0066115120215603,0.003710410596790118,0.750751825015453,0.7868584401784489,0.0098060405535501,0.006683718353041432,0.8002435668435006,0.833639679569395,0.0076538825485617,0.0050166239450544995
2.9,0.8308852657981856,0.8453831688051531,0.0032606777044687,0.00369929619976299,0.7487616443493295,0.7853644285861925,0.0095169741387924,0.0067537375360273615,0.7990937921765373,0.8322849211151352,0.0076344009950499,0.00508131793110469
2.91,0.8348859898624262,0.8449715095404559,0.0049482097713583,0.003730160333898157,0.7714345025015747,0.784818150089792,0.0065215727918163,0.006748000098329704,0.8009054951247214,0.8310543398798995,0.0100778258855001,0.005204795564160519
2.92,0.8243960554270668,0.8441646192158476,0.0049436067346533,0.003760147332853519,0.7648690969340515,0.7840358248060947,0.0069040194949897,0.0067518556897112015,0.809289312222674,0.8302007990474755,0.0078663110499299,0.005270567618073886
2.93,0.8270029183951852,0.8434916035101641,0.0036497598340127,0.0037574194656537765,0.7628218865449266,0.7832038959793216,0.0112345099705382,0.006862629877992139,0.8183383622086208,0.8297356000334818,0.0076040041498763,0.005328230895570229
2.94,0.8221454283047023,0.8426544892424837,0.0038871577119313,0.0037606254581527823,0.7415491942176478,0.7815703600027339,0.0074461421727734,0.006877049188363769,0.8094807476358281,0.828941283217067,0.0062184129294954,0.0053502283944219485
2.95,0.8298292911736095,0.8421515348968238,0.0045914617126561,0.0037811560412897636,0.7533303841217496,0.7804628980739282,0.0112260314363526,0.006984515781353222,0.7936152602124977,0.8275559341027988,0.0075590840701937,0.005404810864605721
2.96,0.8259785794313166,0.8415172948044813,0.0053031391779095,0.003818764649919035,0.7395316486041748,0.7788577344723369,0.0133648339759322,0.007142175143100862,0.7883047331205811,0.8260166554354823,0.0113015435232836,0.005550520698976288
2.97,0.8232636178081457,0.8408014572370366,0.0048154315642267,0.003843392089133895,0.7506649473485836,0.7777521240159774,0.008422080327773,0.007173801343071784,0.8019738113777157,0.825073789457947,0.0071547265326065,0.005590160302828589
2.98,0.8147452576443712,0.8397796357549787,0.0068151465208447,0.003916822189964756,0.7583885208992731,0.7769927597977104,0.0096921737015715,0.007236028670552484,0.7870632624857171,0.8235831663581953,0.0099319354621614,0.0056974427163189924
2.99,0.8219783361141566,0.8390815391840629,0.006725227366249,0.003986214789891146,0.7428679527230548,0.7756545198218295,0.0089021705429024,0.00727719720184025,0.7985488127965489,0.822601418017956,0.0062010821676123,0.005709887092666776
3.0,0.8028454919909032,0.8376605052303282,0.0074557706131576,0.004071942190650648,0.7117381455983915,0.7731479733023663,0.0106112721706853,0.007359577078566753,0.7887266835497809,0.8212729853774855,0.007028478692451,0.005742467467870652
3.01,0.8161149892478584,0.8368155758968091,0.0072595303805789,0.004150701256459336,0.746051416839209,0.7720853542677744,0.0078479291903332,0.007371643303504452,0.7928053613191112,0.8201565985319774,0.0056929169933568,0.005741243172619648
3.02,0.8055613858886468,0.8355899114380971,0.0062037998326355,0.004201428457820855,0.7290888417141383,0.7703992028342612,0.0130037262135976,0.007510798727983473,0.7870834817675075,0.8188596030332473,0.009716944168905,0.00583947332451395
3.03,0.8088291371386745,0.8345404611244814,0.0059004826976283,0.004243407379368107,0.7428144667318599,0.7693174400410863,0.0130292464848536,0.007647144278361257,0.7956678367283595,0.8179501149089636,0.0075281292586624,0.005881195332745983
3.04,0.8070293459872225,0.8334615857804457,0.004806350063644,0.004257315912233887,0.7401589765184049,0.768173962315533,0.0101809841964134,0.007709747446963023,0.7890306433780486,0.8168160094886061,0.0078397829831573,0.005929585837618247
3.05,0.8213305195093735,0.8329858542666292,0.0057844418115063,0.0042950457781585375,0.7378769128173395,0.7669858341741249,0.0096666980638606,0.007758096757541731,0.7991468830555417,0.8161230975814426,0.0071121525108921,0.005958802866843435
3.06,0.7969284677108509,0.831571829327316,0.005249507421997,0.004318626784965101,0.7275781608896168,0.765440424532791,0.0074671457993524,0.007750908499564337,0.7902929900093181,0.8151101451802577,0.0096560837251435,0.006050148187682858
3.07,0.7976291049061252,0.8302407332494823,0.0090557189193211,0.004435660044456116,0.7139463629905415,0.7634210361507605,0.0149051970019224,0.007927660329383641,0.7727849090765678,0.8134503209695696,0.0104132768695378,0.006157942411804623
3.08,0.8070866423349605,0.8293327238867758,0.0066149646837195,0.004489500555851093,0.7297686511853562,0.7621013263535243,0.0124707446859672,0.008039898875873247,0.7831444175542509,0.8122618465808329,0.0095856482075187,0.0062426251264778455
3.09,0.8090317074438822,0.8285366007111699,0.0052849515804387,0.004509152186654863,0.731040500772658,0.7608832472899493,0.0146635980057121,0.008203537473136138,0.7892559144809969,0.8113596476307154,0.0070368709452811,0.00626224698265265
3.1,0.8158973564598345,0.828040941152533,0.0038173121709102,0.004492060500998167,0.7408043322816233,0.760095834217377,0.0098029094843488,0.008243049445617726,0.8004310771140052,0.8109310737119646,0.0043148246177458,0.006214136537832571
3.11,0.8094211252900312,0.8273107481603216,0.0048390956353015,0.00450063377846102,0.7289798575447157,0.7588755929282057,0.0136106739078582,0.008375653119662332,0.7701632503988359,0.8093323264896081,0.0083629584399606,0.006267221786454969
3.12,0.7892111414307661,0.8258166378067372,0.0080137619316574,0.00458742219882127,0.7132170249953725,0.7570850511107395,0.0088632168035035,0.008387697907128198,0.7627511190588572,0.8075056025341937,0.0134276915964417,0.006444114241482718
3.13,0.8137733240634024,0.8253443485244902,0.0058541885812573,0.004618716035950772,0.7367470001454947,0.756287476315514,0.0106501414166155,0.008443588669373125,0.773440970645554,0.8061697276340154,0.0080449424366964,0.006483660646808849
3.14,0.8056875053997378,0.8245734880598877,0.007082654206871,0.004679583712905925,0.741741876505496,0.7557170577718895,0.0102733434982182,0.008488789854672217,0.789521214007884,0.8055168414677407,0.0072339134728664,0.00650219445061534
3.15,0.8101561589291326,0.8240080998755978,0.0052441558253947,0.004693530401660399,0.7320909385287812,0.7547905388210122,0.0111804373475939,0.00855528192714646,0.7774043462904701,0.8044143853567658,0.0084320342293089,0.006549867500955705
3.16,0.7961536565324796,0.8229157636999266,0.0064832878503361,0.004737742462640773,0.7202264113551715,0.7534350765579052,0.0103100664995655,0.008598630059364384,0.7610405028858541,0.8027134409035358,0.0117257418325839,0.0066777262070312265
3.17,0.7885194536268912,0.821566882786796,0.0064854209325581,0.004780914559113046,0.7106543246002732,0.7517573925376573,0.011719128766834,0.008675714302009344,0.7788799686465597,0.801778790769472,0.0083115247772601,0.006718085180780853
3.18,0.7902456746158375,0.8203385948568304,0.0069910624750227,0.004835510214890874,0.7171570515628614,0.7504005106140715,0.0122434613328981,0.008763845728597867,0.7525350089258219,0.7998476538052056,0.0148653475455349,0.006919341000989019
3.19,0.8034989170003508,0.8196782126176982,0.006142495749557,0.004867795363634671,0.7260302299536412,0.749444809403634,0.0103247786097934,0.00880240388315415,0.7810653822832383,0.7991110911090913,0.0084842795063888,0.00695799810245008
3.2,0.801322029798265,0.8189583594672474,0.0053512503950297,0.004879737539869719,0.7085849478309116,0.7478424555608202,0.0163464072084235,0.008988753825501822,0.7700288733124685,0.7979706074742893,0.0132891008158493,0.007114387299905397
3.21,0.8070506183908513,0.8184913874565117,0.0083087624820074,0.004964439513655574,0.7265690611464569,0.7470082016329669,0.0084977696810647,0.008976625792946464,0.7729096384700385,0.796987820645804,0.009393015611041,0.007170672780102924
3.22,0.7886697732540745,0.8173219081249317,0.0077513910733082,0.005033280631391976,0.7171567163190927,0.7458375508809801,0.008931774325465,0.008975517906753449,0.7731656084017824,0.7960536128372402,0.0106874198320908,0.007257540740551157
3.23,0.7892091509028479,0.816219443194631,0.0073022940769556,0.00508932749018258,0.7093078590953376,0.7444050089289326,0.011098463866245,0.009027956755295464,0.776955301942568,0.7953046568446627,0.008427388504047,0.007286437128333852
3.24,0.7918583679076221,0.8152641036928554,0.0052976167888702,0.005094472390752816,0.7101744144877807,0.74306262815741,0.0087596148353727,0.009021328510323072,0.7525038241630666,0.7936261871676109,0.0087703826403785,0.00732309168600543
3.25,0.7812992057170717,0.8139321426014766,0.0073383882011317,0.005149898259733023,0.6842785934625005,0.7407573644388584,0.0119740783514842,0.00909426294265362,0.7631690501641669,0.7924317857749641,0.0098586854237227,0.007385722149075265
3.26,0.8014502191114451,0.8134426538847015,0.0055848651999361,0.005160642067430961,0.6876692262245633,0.7386754701962565,0.0146716890314849,0.009232026960580801,0.7558600566689704,0.7909975958630778,0.0098080370029821,0.0074455540180492245
3.27,0.7924329129467556,0.81261874001546,0.0063832476191339,0.005190840504267934,0.7227429471747786,0.7380506635064369,0.0139007441631386,0.009347344579869177,0.7660897230390016,0.7900208136203233,0.009912723142182,0.007506493256266717
3.28,0.7901438031504239,0.8117373674140546,0.0062310772660886,0.005216534196385564,0.7050314321326461,0.7367557879734338,0.0103355732016393,0.009371753678721973,0.7576405891998451,0.7887509972554121,0.0097842623444281,0.007562753811377116
3.29,0.8046721973916307,0.8114603011593668,0.0074057790505288,0.005270607756984342,0.7234461118323124,0.736233838450942,0.0116384459345319,0.0094277401622902,0.7833651828327206,0.7885397882645737,0.0086745273764666,0.007590214218617636
3.3,0.792648550704338,0.8107225835017844,0.0085722009599278,0.0053521552463693944,0.6966851620388467,0.7346829058573504,0.0112801294964085,0.009473493133742385,0.7666854195421,0.7876827519276083,0.0106280878510531,0.007665247983399228
3.31,0.7842433801838955,0.8096841807298287,0.0065312513331916,0.0053812780192315545,0.708892997902889,0.7336715343448887,0.0123206505741401,0.009543815748129972,0.7554138498520502,0.7864173015679071,0.0107558487946878,0.007741583463128741
3.32,0.8039360072362847,0.8094587616104467,0.006736613306111,0.005414753502011375,0.701151501101648,0.7323962358062835,0.0117148089063127,0.009597437198693088,0.7628243748612084,0.7854920864943117,0.0099825547030026,0.0077969333052502355
3.33,0.7859134424080652,0.8085354135908787,0.0068054109264911,0.0054491011438245985,0.6955918473633207,0.7309529230659412,0.0152681572006417,0.009737497472360331,0.7546500169411279,0.7842825907301415,0.0126294857808963,0.007916291803292409
3.34,0.787372025072654,0.807705474913557,0.0046372313905303,0.005429049043269713,0.6728926159002266,0.7286760431375452,0.0156366353961021,0.009883198314587824,0.7583201185116774,0.7832644522673696,0.0091647696487457,0.007947127541655606
3.35,0.7724674951890372,0.8063235903599076,0.00728487641605,0.005474885170256554,0.6759011699652043,0.7266064357812837,0.0166702089548286,0.010050827204068566,0.7444101882261931,0.7817407523350335,0.0145714340020087,0.008110737884174489
3.36,0.7814597988856242,0.8053485376829099,0.0093740263507981,0.00557118736890968,0.6852537443380697,0.7249847582292309,0.0142970287008589,0.010155701206093881,0.7461380420498208,0.7803445647098326,0.0144439823602423,0.008267158321243244
3.37,0.7803050117210617,0.8043664366601748,0.0087192013435388,0.0056489374542434915,0.6886809334875091,0.7235610759784825,0.0163739578249016,0.010309280569666053,0.7570807296444649,0.779432255626629,0.0086506444819838,0.00827662971557701
3.38,0.7649000253039461,0.8028187312782005,0.0086661965369128,0.005723457631851612,0.673250031687444,0.7215880900558673,0.0148984969729019,0.010422624903739177,0.7480803218626266,0.7782027656640412,0.0116876915712805,0.008360876022690429
3.39,0.770733950867785,0.8015605022710546,0.0103900326088687,0.005838711803560017,0.6849007662922326,0.7201493688190851,0.0114728565252371,0.0104485633224368,0.7596685925105561,0.777475934001587,0.0088183911568504,0.008372175643523988
3.4,0.7780806052195902,0.8006397203602296,0.0113758220770868,0.005975465406649838,0.6948786795112571,0.7191583596363054,0.0085884392035709,0.010402622630833566,0.7352186393394726,0.7758187822500272,0.0137632220859328,0.00850532181345829
3.41,0.771935296023992,0.7995140547411749,0.0088753201756619,0.006047084549840121,0.6820212168363566,0.7177019986116023,0.0127125769839332,0.0104596727125637,0.7404728054419505,0.7744326631487104,0.0117200842382296,0.008584718386308343
3.42,0.7751843368052755,0.7985599465922206,0.0082106494218119,0.006100518850543862,0.6677493498632181,0.7157430680001482,0.0177737317213013,0.010640310526340745,0.7416618208598396,0.773147529972967,0.0123385191753042,0.008677427286669785
3.43,0.7748598237604939,0.7976305285475214,0.0073480835382855,0.006131330197435729,0.6794278427452186,0.7143189392777406,0.0104774007129022,0.010636287111103633,0.7460550663254631,0.7720850787456831,0.0096741600230627,0.008702043788243805
3.44,0.7649570937416376,0.7963492154407557,0.0079828568634789,0.0061770574435088595,0.6805768735517134,0.7129957190126852,0.010966265643469,0.010644436607314005,0.7506267990842928,0.7712435763097704,0.0108811889512085,0.008755862244614679
3.45,0.7792141983431571,0.7956772530095008,0.0084737627298917,0.006233778965249422,0.7023861609194173,0.7125796573063977,0.011061590828176,0.010654739027196991,0.7549050986708629,0.770602850765424,0.0111756041324225,0.008815622390119461
3.46,0.7715429400307396,0.7947308080419032,0.0082198718730193,0.006282829049020993,0.6772022758282068,0.7111923070761973,0.0146933763887975,0.010754480333424169,0.7427207213647302,0.7695094323996137,0.0109219994642805,0.008867643104527092
3.47,0.7716731094220063,0.7938265833536939,0.0084915004852719,0.006337375808652616,0.6910290017431571,0.7104015881593361,0.0101459242522523,0.010739451043989254,0.739886646972265,0.7683477529814509,0.0092056289240444,0.00887599021806943
3.48,0.756163147939198,0.79234958398292,0.0063685574771489,0.006338145886975481,0.6862770821905936,0.7094555278824674,0.012002470098244,0.010770643204061209,0.7444567780642214,0.7674108507968365,0.0125426278620701,0.008966543363671028
3.49,0.7536985239574663,0.7908338542619366,0.009305568976013,0.006411430497377367,0.6810518127019142,0.7083416553196666,0.0143511675456202,0.010859069196423064,0.7322648041526091,0.7660325727511983,0.0089584930642509,0.008966344550411537
3.5,0.7411034486174793,0.7888836399557321,0.0121620709670571,0.006553449790552032,0.6618009997579215,0.7065165294008161,0.0155952205592179,0.010976034406204264,0.7309765282682489,0.7646578242732074,0.0093898941775415,0.008976804640724353
